SITE_NO,SITE_NAME,SITE_NOM_FR,LATITUDE,LONGITUDE,DATUM,PROV_TERR,PROV_TERR_FR,PEARSEDA,PEARSEDA_FR,OCEANDA
00000072,BEAUHARNOIS CANAL AT RTE 132 BRIDGE IN VALLEYFIELD,CANAL DE BEAUHARNOIS AU PONT-ROUTE 132 À VALLEYFIELD,45.2241,-74.1156,NAD83,QUE.,QC,ST. LAWRENCE,SAINT-LAURENT,ATLANTIC OCEAN
00000075,ST.LAWRENCE RIVER WATER INTAKE AT THE WATER PLANT IN CONTRECOEUR,FLEUVE SAINT-LAURENT À LA PRISE D'EAU DE L'USINE DE FILTRATION DE CONTRECOEUR,45.8558,-73.2439,NAD83,QUE.,QC,ST. LAWRENCE,SAINT-LAURENT,ATLANTIC OCEAN
00000078,ST.LAWRENCE RIVER WATER INTAKE AT THE WATER PLANT IN LASALLE,FLEUVE SAINT-LAURENT À LA PRISE D'EAU DE L'USINE DE FILTRATION DE LASALLE,45.4129,-73.6347,NAD83,QUE.,QC,ST. LAWRENCE,SAINT-LAURENT,ATLANTIC OCEAN
00BR01AF0084,"SAINT JOHN RIVER BELOW ST. BASILE, RTE 144","RIVIÈRE SAINT-JEAN EN AVAL DE ST. BASILE, ROUTE 144",47.3549,-68.2318,NAD83,N.B.,N.-B.,SAINT JOHN - ST. CROIX,SAINT-JEAN - SAINTE-CROIX,ATLANTIC OCEAN
00BR01AG0008,"AROOSTOOK RIVER ABOVE BRIDGE, RTE 2","RIVIÈRE AROOSTOOK EN AMONT DU PONT, ROUTE 2",46.8216,-67.7341,NAD83,N.B.,N.-B.,SAINT JOHN - ST. CROIX,SAINT-JEAN - SAINTE-CROIX,ATLANTIC OCEAN
00BR01AH0019,"TOBIQUE RIVER BELOW ARTHURETTE BRIDGE, RTE 109","RIVIÈRE TOBIQUE EN AVAL DU PONT D'ARTHURETTE, ROUTE 109",46.783,-67.511,NAD83,N.B.,N.-B.,SAINT JOHN - ST. CROIX,SAINT-JEAN - SAINTE-CROIX,ATLANTIC OCEAN
00BR01AJ0067,"BIG PRESQUE ISLE STREAM ABOVE BRIDGE, RTE 103","RUISSEAU BIG PRESQUE ISLE EN AMONT DU PONT, ROUTE 103",46.3998,-67.6106,NAD83,N.B.,N.-B.,SAINT JOHN - ST. CROIX,SAINT-JEAN - SAINTE-CROIX,ATLANTIC OCEAN
00BR01AK0157,"SAINT JOHN RIVER BELOW UPPER QUEENSBURY, RTE 105","RIVIÈRE SAINT-JEAN EN AVAL DE UPPER QUEENSBURY, ROUTE 105",45.9774,-67.173,NAD83,N.B.,N.-B.,SAINT JOHN - ST. CROIX,SAINT-JEAN - SAINTE-CROIX,ATLANTIC OCEAN
00BR01AL0036,"NASHWAAK RIVER ABOVE MARYSVILLE BRIDGE, RTE 8","RIVIÈRE NASHWAAK EN AMONT DU PONT DE MARYSVILLE, ROUTE 8",45.9793,-66.591,NAD83,N.B.,N.-B.,SAINT JOHN - ST. CROIX,SAINT-JEAN - SAINTE-CROIX,ATLANTIC OCEAN
00BR01AP0067,"SAINT JOHN RIVER EVANDALE, RTE 102","RIVIÈRE SAINT-JEAN À EVANDALE, ROUTE 102",45.5926,-66.0269,NAD83,N.B.,N.-B.,SAINT JOHN - ST. CROIX,SAINT-JEAN - SAINTE-CROIX,ATLANTIC OCEAN
00BR01AP0241,KENNEBECASIS RIVER ABOVE BLOOMFIELD BRIDGE,RIVIÈRE KENNEBECASIS EN AMONT DU PONT BLOOMFIELD,45.5801,-65.7567,NAD83,N.B.,N.-B.,SAINT JOHN - ST. CROIX,SAINT-JEAN - SAINTE-CROIX,ATLANTIC OCEAN
00BR01AQ0003,"LEPREAU RIVER ABOVE BRIDGE, ROUTE 780","RIVIÈRE LEPREAU EN AMONT DU PONT, ROUTE 780",45.1697,-66.468,NAD83,N.B.,N.-B.,SAINT JOHN - ST. CROIX,SAINT-JEAN - SAINTE-CROIX,ATLANTIC OCEAN
00BR01AR0092,"ST. CROIX RIVER ABOVE MILLTOWN BRIDGE, ROUTE 170","RIVIÈRE SAINTE-CROIX EN AMONT DU PONT DE MILLTOWN, ROUTE 170",45.17,-67.297,NAD83,N.B.,N.-B.,SAINT JOHN - ST. CROIX,SAINT-JEAN - SAINTE-CROIX,ATLANTIC OCEAN
00BR01BA0030,"RESTIGOUCHE RIVER BELOW MONTGOMERY BRIDGE, RTE 265","RIVIÈRE RESTIGOUCHE EN AVAL DU PONT MONTGOMERY, ROUTE 265",47.6623,-67.4929,NAD83,N.B.,N.-B.,MARITIME COASTAL,CÔTE DES PROVINCES MARITIMES,ATLANTIC OCEAN
00BR01BO0007,"SOUTHWEST MIRAMICHI RIVER BELOW QUARRYVILLE BRIDGE, RTE 108","RIVIÈRE MIRAMICHI SUD-OUEST EN AVAL DU PONT DE QUARRYVILLE, ROUTE 108",46.8279,-65.7858,NAD83,N.B.,N.-B.,MARITIME COASTAL,CÔTE DES PROVINCES MARITIMES,ATLANTIC OCEAN
00BR01BU0176,"PETITCODIAC RIVER ABOVE SALISBURY BRIDGE, RTE 112","RIVIÈRE PETITCODIAC EN AMONT DU PONT DE SALISBURY, ROUTE 112",46.0212,-65.0346,NAD83,N.B.,N.-B.,MARITIME COASTAL,CÔTE DES PROVINCES MARITIMES,ATLANTIC OCEAN
02330001,ETCHEMIN RIVER AT BRIDGE - RTE 132 IN ST-ROMUALD,RIVIÈRE ETCHEMIN AU PONT-ROUTE 132 À SAINT-ROMUALD,46.7601,-71.2282,NAD83,QUE.,QC,ST. LAWRENCE,SAINT-LAURENT,ATLANTIC OCEAN
02340033,CHAUDIÈRE RIVER AT CHARNY WATER INTAKE - 5.6 KM FROM THE MOUTH OF THE RIVER (METALS : 02340037),"RIVIÈRE CHAUDIÈRE À LA PRISE D'EAU DE CHARNY À 5,6 KM DE L'EMBOUCHURE (MÉTAUX : 02340037)",46.702,-71.2808,NAD83,QUE.,QC,ST. LAWRENCE,SAINT-LAURENT,ATLANTIC OCEAN
02400004,BÉCANCOUR RIVER AT THE BRIDGE - RTE 132 AT BECANCOUR,RIVIÈRE BÉCANCOUR AU PONT-ROUTE 132 À BÉCANCOUR,46.3527,-72.4391,NAD83,QUE.,QC,ST. LAWRENCE,SAINT-LAURENT,ATLANTIC OCEAN
03020073,"MAGOG RIVER AT MERRY BRIDGE, AT THE MEMPHREMAGOG LAKE DISCHARGE - 32.7 KM FROM THE MOUTH","RIVIÈRE MAGOG AU PONT MERRY, À LA DÉCHARGE DU LAC MEMPHREMAGOG À 32,7 KM DE L'EMBOUCHURE",45.2641,-72.1578,NAD83,QUE.,QC,ST. LAWRENCE,SAINT-LAURENT,ATLANTIC OCEAN
03020333,"COATICOOK RIVER, RTE 108 APPROX. 150M FROM THE INTERSECTION WITH RTE 143","RIVIÈRE COATICOOK, ROUTE 108 ENVIRON 150M DE L'INTERSECTION AVEC LA ROUTE 143",45.3192,-71.8872,NAD83,QUE.,QC,ST. LAWRENCE,SAINT-LAURENT,ATLANTIC OCEAN
03040010,RICHELIEU RIVER AT FRYER DAM NORTH OF ST-JEAN-SUR-RICHELIEU,RIVIÈRE RICHELIEU AU BARRAGE FRYER AU NORD DE SAINT-JEAN-SUR-RICHELIEU,45.396,-73.2538,NAD83,QUE.,QC,ST. LAWRENCE,SAINT-LAURENT,ATLANTIC OCEAN
03040012,RICHELIEU RIVER AT C.N. BRIDGE EAST OF LACOLLE,RIVIÈRE RICHELIEU AU PONT DU C.N. À L'EST DE LACOLLE,45.0614,-73.3326,NAD83,QUE.,QC,ST. LAWRENCE,SAINT-LAURENT,ATLANTIC OCEAN
03040015,AUX BROCHETS RIVER AT BRIDGE - RTE 133 AT PIKE RIVER,RIVIÈRE AUX BROCHETS AU PONT-ROUTE 133 À PIKE RIVER,45.1234,-73.0695,NAD83,QUE.,QC,ST. LAWRENCE,SAINT-LAURENT,ATLANTIC OCEAN
03090001,CHÂTEAUGUAY RIVER AT BRIDGE - RTE 205 NORTH OF SAINTE-MARTINE,RIVIÈRE CHÂTEAUGUAY AU PONT-ROUTE 205 AU NORD DE SAINTE-MARTINE,45.286,-73.8023,NAD83,QUE.,QC,ST. LAWRENCE,SAINT-LAURENT,ATLANTIC OCEAN
03090005,CHÂTEAUGUAY RIVER AT 1.6KM BELOW POWERSCOURT BRIDGE,"RIVIÈRE CHÂTEAUGUAY À 1,6 KM EN AVAL DU PONT DE POWERSCOURT",45.0183,-74.1658,NAD83,QUE.,QC,ST. LAWRENCE,SAINT-LAURENT,ATLANTIC OCEAN
03090009,TROUT RIVER AT KENSINGTON (GAVIN BRIDGE),RIVIÈRE TROUT À KENSINGTON (PONT GAVIN),45.0143,-74.3029,NAD83,QUE.,QC,ST. LAWRENCE,SAINT-LAURENT,ATLANTIC OCEAN
03090047,DES ANGLAIS RIVER 0.1 KM BELOW U.S. BORDER NEAR HEMMINGFORD,"RIVIÈRE DES ANGLAIS À 0,1 KM EN AVAL DE LA FRONTIÈRE DES U.S.A. PRÈS DE HEMMINGFORD",45.0035,-73.6534,NAD83,QUE.,QC,ST. LAWRENCE,SAINT-LAURENT,ATLANTIC OCEAN
03110003,SAINT-LOUIS RIVER AT BRIDGE - ROAD BETWEEN SAINTE-ANNE LANE ,RIVIÈRE SAINT-LOUIS AU PONT-ROUTE ENTRE LE RANG SAINTE-ANNE ET LE CHEMIN SAINT-LOUIS,45.2708,-73.8957,NAD83,QUE.,QC,ST. LAWRENCE,SAINT-LAURENT,ATLANTIC OCEAN
04010002,DU NORD RIVER AT BRIDGE - RTE 344 AT SAINT-ANDRÉ EAST,RIVIÈRE DU NORD AU PONT-ROUTE 344 À SAINT-ANDRÉ-EST,45.5626,-74.3367,NAD83,QUE.,QC,OTTAWA,OTTAWA,ATLANTIC OCEAN
04040001,DE LA PETITE NATION RIVER AT BRIDGE - RTE 148 EAST OF PLAISANCE,RIVIÈRE DE LA PETITE NATION AU PONT-ROUTE 148 À L'OUEST DE PLAISANCE,45.605,-75.1272,NAD83,QUE.,QC,OTTAWA,OTTAWA,ATLANTIC OCEAN
04060004,DU LIÈVRE RIVER AT BRIDGE - ROAD IN BUCKINGHAM,RIVIÈRE DU LIÈVRE AU PONT-ROUTE À BUCKINGHAM,45.5859,-75.4188,NAD83,QUE.,QC,OTTAWA,OTTAWA,ATLANTIC OCEAN
04080003,GATINEAU RIVER AT BRIDGE - ROAD ABOVE CHELSEA STREAM NORTH OF GATINEAU,RIVIÈRE GATINEAU AU PONT-ROUTE EN AMONT DU RUISSEAU CHELSEA AU NORD DE GATINEAU,45.487,-75.7489,NAD83,QUE.,QC,OTTAWA,OTTAWA,ATLANTIC OCEAN
04300002,KINOJÉVIS RIVER AT BRIDGE - RTE 117 EAST OF MCWATTERS,RIVIÈRE KINOJÉVIS AU PONT-ROUTE 117 À L'EST DE MCWATTERS,48.208,-78.8637,NAD83,QUE.,QC,OTTAWA,OTTAWA,ATLANTIC OCEAN
04310008,OTTAWA RIVER AT CHENAUX DAM AT PORTAGE-DU-FORT,RIVIÈRE DES OUTAOUAIS AU BARRAGE CHENAUX À PORTAGE-DU-FORT,45.5843,-76.6751,NAD83,QUE.,QC,OTTAWA,OTTAWA,ATLANTIC OCEAN
04310010,OTTAWA RIVER AT BRIDGE - RTE 101 AT NOTRE-DAME-DU-NORD,RIVIÈRE DES OUTAOUAIS AU PONT-ROUTE 101 À NOTRE-DAME-DU-NORD,47.5894,-79.4849,NAD83,QUE.,QC,OTTAWA,OTTAWA,ATLANTIC OCEAN
04310011,OTTAWA RIVER AT MASSON CROSSING,RIVIÈRE DES OUTAOUAIS À LA TRAVERSE DE MASSON,45.5229,-75.4107,NAD83,QUE.,QC,OTTAWA,OTTAWA,ATLANTIC OCEAN
04320069,DES MILLES ÎLES RIVER - BETWEEN MOULINS ISLAND AND SAINT-JEAN ISLAND IN TERREBONNE,"RIVIÈRE DES MILLE ÎLES, ENTRE L' ÎLE DES MOULINS ET L'ÎLE SAINT-JEAN À TERREBONNE",45.6924,-73.6405,NAD83,QUE.,QC,ST. LAWRENCE,SAINT-LAURENT,ATLANTIC OCEAN
04330019,PRAIRIE RIVER AT THE MOUTH IN THE CENTER OF THE BRIDGE - RTE 138 (METALS: 04330017),RIVIÈRE DES PRAIRIES À SON EMBOUCHURE AU CENTRE DU PONT-ROUTE 138 (MÉTAUX : 04330017),45.7044,-73.4838,NAD83,QUE.,QC,ST. LAWRENCE,SAINT-LAURENT,ATLANTIC OCEAN
05030001,BATISCAN RIVER AT BRIDGE AT SAINTE-GENEVIÈVE-DE-BATISCAN,RIVIÈRE BATISCAN AU PONT-ROUTE À SAINTE-GENEVIÈVE-DE-BATISCAN,46.5259,-72.3384,NAD83,QUE.,QC,ST. LAWRENCE,SAINT-LAURENT,ATLANTIC OCEAN
05040007,SAINTE-ANNE RIVER AT BRIDGE - RTE 138 IN SAINTE-ANNE-DE-LA-PÉRADE,RIVIÈRE SAINTE-ANNE AU PONT ROUTE 138 À SAINTE-ANNE-DE-LA-PÉRADE,46.5718,-72.2063,NAD83,QUE.,QC,ST. LAWRENCE,SAINT-LAURENT,ATLANTIC OCEAN
05080105,JACQUES-CARTIER RIVER AT THE DONNACONNA WATER INTAKE,"RIVIÈRE JACQUES-CARTIER, À LA PRISE D'EAU DE DONNACONA",46.6941,-71.7491,NAD83,QUE.,QC,ST. LAWRENCE,SAINT-LAURENT,ATLANTIC OCEAN
05090017,SAINT-CHARLES RIVER AT DORCHESTER BRIDGE IN QUEBEC,RIVIÈRE SAINT-CHARLES AU PONT DORCHESTER À QUEBEC,46.8192,-71.2234,NAD83,QUE.,QC,ST. LAWRENCE,SAINT-LAURENT,ATLANTIC OCEAN
05220003,L'ASSOMPTION RIVER AT BRIDGE - ROAD AT LE GARDEUR - SINCE 1999 AT THE WATER TREATMENT PLANT,RIVIÈRE L'ASSOMPTION AU PONT-ROUTE À LE GARDEUR; DEPUIS 1999 À L'USINE DE FILTRATION,45.751,-73.4684,NAD83,QUE.,QC,ST. LAWRENCE,SAINT-LAURENT,ATLANTIC OCEAN
05230001,LA CHALOUPE RIVER AT BRIDGE - ROAD NEAREST TO THE MOUTH ,RIVIÈRE LA CHALOUPE AU PONT-ROUTE LE PLUS PROCHE DE L'EMBOUCHURE,46.0672,-73.1803,NAD83,QUE.,QC,ST. LAWRENCE,SAINT-LAURENT,ATLANTIC OCEAN
05240001,BAYONNE RIVER AT BRIDGE - ROAD IN BERTHIERVILLE,RIVIÈRE BAYONNE AU PONT-ROUTE À BERTHIERVILLE,46.0941,-73.173,NAD83,QUE.,QC,ST. LAWRENCE,SAINT-LAURENT,ATLANTIC OCEAN
05280001,DU LOUP RIVER AT 3.2 KM FROM THE MOUTH IN THE ST-LAWRENCE SOUTH OF LOUISEVILLE,"RIVIÈRE DU LOUP À 3,2 KM DE SON EMBOUCHURE AVEC LE SAINT-LAURENT AU SUD DE LOUISEVILLE",46.2437,-72.9228,NAD83,QUE.,QC,ST. LAWRENCE,SAINT-LAURENT,ATLANTIC OCEAN
AK08DC0001,"SALMON RIVER NEAR HYDER, ALASKA",RIVIÈRE SALMON PRÈS DE HYDER (ALASKA),55.9254,-130.0355,NAD83,B.C.,C.-B.,PACIFIC COASTAL,CÔTE DU PACIFIQUE,PACIFIC OCEAN
AL05AD0005,WATERTON RIVER AT HWY 6 BRIDGE NEAR WATERTON LAKES,RIVIÈRE WATERTON,49.1139,-113.8389,NAD27,ALTA.,ALB.,SOUTH SASKATCHEWAN,SASKATCHEWAN SUD,HUDSON BAY
AL05AD0060,"BELLY RIVER AT HIGHWAY #6, WATERTON LAKES NP",RIVIÈRE BELLY,49.0517,-113.6853,NAD27,ALTA.,ALB.,SOUTH SASKATCHEWAN,SASKATCHEWAN SUD,HUDSON BAY
AL05AK0001,"SOUTH SASKATCHEWAN RIVER AT HWY 41,",RIVIÈRE SASKATCHEWAN SUD À L'AUT. 41,50.7375,-110.0956,NAD27,ALTA.,ALB.,SOUTH SASKATCHEWAN,SASKATCHEWAN SUD,HUDSON BAY
AL05BA0011,BOW RIVER AT HIGHWAY 1 ABOVE LAKE LOUISE,RIVIÈRE BOW À L'AUT. 1 EN AMONT DE LAC LOUISE,51.4431,-116.2117,NAD27,ALTA.,ALB.,SOUTH SASKATCHEWAN,SASKATCHEWAN SUD,HUDSON BAY
AL05BE0013,BOW RIVER ABOUT 4.5 KM ABOVE CANMORE,RIVIÈRE BOW ENVIRON 4.5 KM DE CANMORE,51.1228,-115.3867,NAD27,ALTA.,ALB.,SOUTH SASKATCHEWAN,SASKATCHEWAN SUD,HUDSON BAY
AL05CK0001,"RED DEER RIVER NEAR BINDLOSS, ALBERTA",RIVIÈRE RED DEER PRÈS DE BLINDLOSS,50.9028,-110.2967,NAD27,ALTA.,ALB.,SOUTH SASKATCHEWAN,SASKATCHEWAN SUD,HUDSON BAY
AL05DA0001,NORTH SASKATCHEWAN RIVER AT WHIRLPOOL POINT,RIVIÈRE SASKATCHEWAN NORD AU POINT WHIRLPOOL,52.0028,-116.4717,NAD27,ALTA.,ALB.,NORTH SASKATCHEWAN,SASKATCHEWAN NORD,HUDSON BAY
AL05EF0003,NORTH SASKATCHEWAN RIVER AT HIGHWAY #17 BRIDGE,RIVIÈRE SASKATCHEWAN NORD À L'AUT. 17,53.6014,-110.0081,NAD83,ALTA.,ALB.,NORTH SASKATCHEWAN,SASKATCHEWAN NORD,HUDSON BAY
AL06AD0001,"BEAVER RIVER AT BEAVER CROSSING,",RIVIÈRE BEAVER AU PASSAGE BEAVER,54.3542,-110.2117,NAD27,ALTA.,ALB.,CHURCHILL,CHURCHILL,HUDSON BAY
AL07AA0015,ATHABASCA RIVER ABOVE ATHABSCA FALLS,RIVIÈRE ATHABASKA EN AMONT DES CHUTES ATHABASKA,52.6642,-117.8806,NAD27,ALTA.,ALB.,PEACE-ATHABASCA,PAIX-ATHABASCA,ARCTIC OCEAN
AL07AA0023,ATHABASCA RIVER AT HIGHWAY #16 BELOW SNARING RIVER,RIVIÈRE ATHABASKA À L'AUT 16 EN AVAL DE LA RIVIÈRE SNARING,53.0417,-118.087,NAD27,ALTA.,ALB.,PEACE-ATHABASCA,PAIX-ATHABASCA,ARCTIC OCEAN
AL11AA0002,MILK RIVER AT WESTERN CROSSING OF INTL BOUNDARY,RIVIÈRE MILK AU PASSAGE OUEST À LA FRONTIÈRE INTERNATIONALE,49.0895,-112.4017,NAD27,ALTA.,ALB.,MISSOURI,MISSOURI,GULF OF MEXICO
AL11AA0003,MILK RIVER AT EASTERN CROSSING OF INTL BOUNDARY,RIVIÈRE MILK AU PASSAGE EST À LA FRONTIÈRE INTERNATIONALE,49.1242,-110.8942,NAD27,ALTA.,ALB.,MISSOURI,MISSOURI,GULF OF MEXICO
BC07FB0005,MURRAY RIVER NEAR THE MOUTH,RIVIÈRE MURRAY PRÈS DE L'EMBOUCHURE,55.5526,-121.2035,NAD83,B.C.,C.-B.,PEACE-ATHABASCA,PAIX-ATHABASCA,ARCTIC OCEAN
BC07FD0005,PEACE RIVER ABOVE ALCES RIVER,RIVIÈRE PEACE EN AMONT DE LA RIVIÈRE ALCES,56.1261,-120.0564,NAD83,B.C.,C.-B.,PEACE-ATHABASCA,PAIX-ATHABASCA,ARCTIC OCEAN
BC08CG0001,ISKUT RIVER BELOW JOHNSON RIVER,RIVIÈRE ISKUT EN AVAL DE LA RIVIÈRE JOHNSON,56.7378,-131.6755,NAD83,B.C.,C.-B.,PACIFIC COASTAL,CÔTE DU PACIFIQUE,PACIFIC OCEAN
BC08EE0009,BULKLEY RIVER AT SMITHERS,BULKLEY RIVER AT SMITHERS,54.7892,-127.1552,NAD83,B.C.,C.-B.,PACIFIC COASTAL,CÔTE DU PACIFIQUE,PACIFIC OCEAN
BC08EF0001,SKEENA RIVER AT USK,RIVIÈRE SKEENA À USK,54.6346,-128.40897,NAD83,B.C.,C.-B.,PACIFIC COASTAL,CÔTE DU PACIFIQUE,PACIFIC OCEAN
BC08FC0001,DEAN RIVER AT ANAHIM LAKE,RIVIÈRE DEAN EN AMONT DE LA CRIQUE LODGE,52.4673,-125.29104,NAD83,B.C.,C.-B.,PACIFIC COASTAL,CÔTE DU PACIFIQUE,PACIFIC OCEAN
BC08GA0010,CHEAKAMUS RIVER ABOVE DAISY LAKE FOREST ROAD,RIVIÈRE CHEAKAMUS À DAISY LAKE FOREST ROAD,50.0589,-123.09678,NAD83,B.C.,C.-B.,PACIFIC COASTAL,CÔTE DU PACIFIQUE,PACIFIC OCEAN
BC08HA0018,COWICHAN RIVER BELOW SOMENOS CREEK,RIVIÈRE COWICHAN À 1 KM EN AVAL DE LA RIVIÈRE SOME,48.7726,-123.6633,NAD83,B.C.,C.-B.,PACIFIC COASTAL,CÔTE DU PACIFIQUE,PACIFIC OCEAN
BC08HB0018,TSOLUM RIVER BELOW MUREX CREEK,RIVIÈRE TSOLUM EN AMONT DE LA RIVIÈRE MUREX CREEK,49.8087,-125.1948,NAD83,B.C.,C.-B.,PACIFIC COASTAL,CÔTE DU PACIFIQUE,PACIFIC OCEAN
BC08HB0019,ENGLISHMAN RIVER AT PARKSVILLE,RIVIÈRE ENGLISHMAN À PARKSVILLE,49.31622,-124.28525,NAD83,B.C.,C.-B.,PACIFIC COASTAL,CÔTE DU PACIFIQUE,PACIFIC OCEAN
BC08HB0027,TSOLUM RIVER NEAR COURTNEY,RIVIÈRE TSOLUM PRÈS DE COURTNEY,49.7035,-125.0048,NAD83,B.C.,C.-B.,PACIFIC COASTAL,CÔTE DU PACIFIQUE,PACIFIC OCEAN
BC08HD0004,QUINSAM RIVER AT THE MOUTH,RIVIÈRE QUINSAM PRÈS DE L'EMBOUCHURE,50.03631,-125.29459,NAD83,B.C.,C.-B.,PACIFIC COASTAL,CÔTE DU PACIFIQUE,PACIFIC OCEAN
BC08KA0007,FRASER RIVER AT RED PASS,RIVIÈRE FRASER À RED PASS,52.98991,-119.01397,NAD83,B.C.,C.-B.,FRASER-LOWER MAINLAND,FRASER-BASSES-TERRES,PACIFIC OCEAN
BC08KE0010,NECHAKO RIVER AT PRINCE GEORGE,RIVIÈRE NECHAKO À PRINCE GEORGE,53.92717,-122.76674,NAD83,B.C.,C.-B.,FRASER-LOWER MAINLAND,FRASER-BASSES-TERRES,PACIFIC OCEAN
BC08KH0012,HORSEFLY RIVER ABOVE QUESNEL LAKE,RIVIÈRE HORSEFLY AU DESSUS DU LAC QUESNEL,52.40231,-121.43281,NAD83,B.C.,C.-B.,FRASER-LOWER MAINLAND,FRASER-BASSES-TERRES,PACIFIC OCEAN
BC08KH0013,QUESNEL RIVER AT GRAVELLE FERRY BRIDGE,QUESNEL À GRAVELLE,52.84245,-122.22476,NAD83,B.C.,C.-B.,FRASER-LOWER MAINLAND,FRASER-BASSES-TERRES,PACIFIC OCEAN
BC08KH0014,QUESNEL RIVER AT LIKELY ROAD BRIDGE,QUESNEL À LIKELY,52.6155,-121.57268,NAD83,B.C.,C.-B.,FRASER-LOWER MAINLAND,FRASER-BASSES-TERRES,PACIFIC OCEAN
BC08LC0005,SHUSWAP RIVER ABOVE MARA LAKE,RIVIÈRE SHUSWAP EN AMONT DU LAC MARA,50.6848,-119.06999,NAD83,B.C.,C.-B.,FRASER-LOWER MAINLAND,FRASER-BASSES-TERRES,PACIFIC OCEAN
BC08LE0004,"SALMON RIVER AT HIGHWAY 1 BRIDGE, NEAR SALMON ARM",RIVIÈRE SALMON AU PONT DE L'AUTOROUTE 1,50.69261,-119.33035,NAD83,B.C.,C.-B.,FRASER-LOWER MAINLAND,FRASER-BASSES-TERRES,PACIFIC OCEAN
BC08LF0001,THOMPSON RIVER AT SPENCES BRIDGE,RIVIÈRE THOMPSON AU PONT SPENCES,50.42083,-121.34139,NAD83,B.C.,C.-B.,FRASER-LOWER MAINLAND,FRASER-BASSES-TERRES,PACIFIC OCEAN
BC08LF0078,THOMPSON RIVER AT SPENCES BRIDGE - NORTH BANK,RIVIÈRE THOMPSON AU PONT SPENCES - RIVE NORD,50.42026,-121.34871,NAD83,B.C.,C.-B.,FRASER-LOWER MAINLAND,FRASER-BASSES-TERRES,PACIFIC OCEAN
BC08LG0001,NICOLA RIVER AT THE MOUTH,RIVIÈRE NICOLA PRÈS DE L'EMBOUCHURE À LA RIVIÈRE THOMPSON,50.42484,-121.31596,NAD83,B.C.,C.-B.,FRASER-LOWER MAINLAND,FRASER-BASSES-TERRES,PACIFIC OCEAN
BC08MB0007,CHILCOTIN RIVER AT CHRISTIE ROAD BRIDGE,RIVIÈRE CHILCOTIN EN AMONT DU PONT CHRISTIE ROAD,52.072,-123.26137,NAD83,B.C.,C.-B.,FRASER-LOWER MAINLAND,FRASER-BASSES-TERRES,PACIFIC OCEAN
BC08MC0001,FRASER RIVER AT MARGUERITE,RIVIÈRE FRASER À MARGUERITE,52.52938,-122.44635,NAD83,B.C.,C.-B.,FRASER-LOWER MAINLAND,FRASER-BASSES-TERRES,PACIFIC OCEAN
BC08MF0001,FRASER RIVER AT HOPE,RIVIÈRE FRASER À HOPE,49.38629,-121.45237,NAD83,B.C.,C.-B.,FRASER-LOWER MAINLAND,FRASER-BASSES-TERRES,PACIFIC OCEAN
BC08MH0027,SUMAS RIVER AT INTERNATIONAL BOUNDARY,RIVIÈRE SUMAS À LA FRONTIÈRE INTERNATIONALE,49.0024,-122.2323,NAD83,B.C.,C.-B.,FRASER-LOWER MAINLAND,FRASER-BASSES-TERRES,PACIFIC OCEAN
BC08MH0269,"NORTH ALOUETTE RIVER AT 132ND AVE BRIDGE, NEAR MAPLE RIDGE",RIVIÈRE ALOUETTE NORD À LA 132IÈME AVENUE ET EDGE STREET,49.24187,-122.59572,NAD83,B.C.,C.-B.,FRASER-LOWER MAINLAND,FRASER-BASSES-TERRES,PACIFIC OCEAN
BC08MH0453,FRASER RIVER (MAIN ARM) AT GRAVESEND REACH - BUOY,FLEUVE FRASER (BRAS PRINCIPAL) AU TRONÇON GRAVESEND - BOUÉE,49.1486,-123.03859,NAD83,B.C.,C.-B.,FRASER-LOWER MAINLAND,FRASER-BASSES-TERRES,PACIFIC OCEAN
BC08NA0033,KICKING HORSE RIVER AT FIELD IN YOHO NATIONAL PARK,RIVIÈRE KICKING HORSE EN AMONT DE FIELD,51.39623,-116.49188,NAD83,B.C.,C.-B.,COLUMBIA,COLUMBIA,PACIFIC OCEAN
BC08NA0048,COLUMBIA RIVER AT NICHOLSON,FLEUVE COLUMBIA À NICHOLSON,51.24375,-116.91196,NAD83,B.C.,C.-B.,COLUMBIA,COLUMBIA,PACIFIC OCEAN
BC08NB0002,BEAVER RIVER ABOVE HIGHWAY 1 IN GLACIER NATIONAL PARK,RIVIÈRE BEAVER PRÈS DE EAST PARK GATE,51.38336,-117.44908,NAD83,B.C.,C.-B.,COLUMBIA,COLUMBIA,PACIFIC OCEAN
BC08ND0003,ILLECILLEWAET RIVER ABOVE HIGHWAY 1 IN GLACIER NATIONAL PARK,RIVIÈRE ILLECILLEWAET À L'ENTRÉE DU PARC,51.21327,-117.69583,NAD83,B.C.,C.-B.,COLUMBIA,COLUMBIA,PACIFIC OCEAN
BC08ND0004,WOOLSEY CREEK ABOVE HIGHWAY 1 IN MOUNT REVELSTOKE NATIONAL PARK,RUISSEAU WOOLSEY AU-DESSUS DE L'AUTOROUTE 1 DANS LE PARC NATIONAL DU MONT-REVELSTOKE,51.11742,-117.8928,NAD83,B.C.,C.-B.,COLUMBIA,COLUMBIA,PACIFIC OCEAN
BC08NE0001,COLUMBIA RIVER AT WANETA,FLEUVE COLUMBIA À WANETA,49.02837,-117.60406,NAD83,B.C.,C.-B.,COLUMBIA,COLUMBIA,PACIFIC OCEAN
BC08NE0005,COLUMBIA RIVER AT BIRCHBANK,FLEUVE COLUMBIA À BIRCHBANK,49.1779,-117.7171,NAD83,B.C.,C.-B.,COLUMBIA,COLUMBIA,PACIFIC OCEAN
BC08NE0029,PEND D'OREILLE RIVER AT WANETA,RIVIÈRE PEND D'OREILLE À WANETA,49.00461,-117.6121,NAD83,B.C.,C.-B.,COLUMBIA,COLUMBIA,PACIFIC OCEAN
BC08NF0001,KOOTENAY RIVER ABOVE HIGHWAY 93 IN KOOTENAY NATIONAL PARK,RIVIÈRE KOOTENAY À KOOTENAY CROSSING,50.88697,-116.04585,NAD83,B.C.,C.-B.,COLUMBIA,COLUMBIA,PACIFIC OCEAN
BC08NG0009,KOOTENAY RIVER NEAR FENWICK STATION,RIVIÈRE KOOTENAY PRÈS DE FENWICK STATION,49.5279,-115.54918,NAD83,B.C.,C.-B.,COLUMBIA,COLUMBIA,PACIFIC OCEAN
BC08NG0013,KOOTENAY RIVER ABOVE BULL RIVER,RIVIÈRE KOOTENAY EN AMONT DE LA RIVIÈRE BULL,49.47389,-115.48639,NAD83,B.C.,C.-B.,COLUMBIA,COLUMBIA,PACIFIC OCEAN
BC08NH0005,"KOOTENAY RIVER ABOVE HIGHWAY 3, NEAR CRESTON",RIVIÈRE KOOTENAY À CRESTON,49.1169,-116.57944,NAD83,B.C.,C.-B.,COLUMBIA,COLUMBIA,PACIFIC OCEAN
BC08NK0003,ELK RIVER ABOVE HIGHWAY 93,RIVIÈRE ELK À L'AUTOROUTE 93 PRÈS D'ELKO,49.1797,-115.16702,NAD83,B.C.,C.-B.,COLUMBIA,COLUMBIA,PACIFIC OCEAN
BC08NK0004,ELK RIVER BELOW SPARWOOD,RIVIÈRE ELK EN AVAL DE SPARWOOD,49.6643,-114.9041,NAD83,B.C.,C.-B.,COLUMBIA,COLUMBIA,PACIFIC OCEAN
BC08NL0001,SIMILKAMEEN RIVER AT PRINCETON,RIVIÈRE SIMILKAMEEN À PRINCETON,49.45907,-120.50393,NAD83,B.C.,C.-B.,OKANAGAN-SIMILKAMEEN,OKANAGAN-SIMILKAMEEN,PACIFIC OCEAN
BC08NL0005,SIMILKAMEEN RIVER NEAR INTERNATIONAL BOUNDARY,RIVIÈRE SIMILKAMEEN PRÈS DE LA FRONTIÈRE INTERNATIONALE,49.0788,-119.70983,NAD83,B.C.,C.-B.,OKANAGAN-SIMILKAMEEN,OKANAGAN-SIMILKAMEEN,PACIFIC OCEAN
BC08NM0001,"OKANAGAN RIVER AT ROAD 18 BRIDGE, NEAR OLIVER",RIVIÈRE OKANAGAN À OLIVER,49.11453,-119.5662,NAD83,B.C.,C.-B.,OKANAGAN-SIMILKAMEEN,OKANAGAN-SIMILKAMEEN,PACIFIC OCEAN
BC08NM0160,MISSION CREEK AT LAKESHORE ROAD BRIDGE,RUISSEAU MISSION AU PONT DU CHEMIN LAKESHORE,49.8429,-119.4877,NAD83,B.C.,C.-B.,OKANAGAN-SIMILKAMEEN,OKANAGAN-SIMILKAMEEN,PACIFIC OCEAN
BC08NN0011,KETTLE RIVER AT MIDWAY,RIVIÈRE KETTLE À MIDWAY,49.0047,-118.77615,NAD83,B.C.,C.-B.,COLUMBIA,COLUMBIA,PACIFIC OCEAN
BC08NN0021,KETTLE RIVER AT GRAND FORKS,RIVIÈRE KETTLE AU PONT CARSON ROAD,49.0197,-118.47472,NAD83,B.C.,C.-B.,COLUMBIA,COLUMBIA,PACIFIC OCEAN
BC10DA0002,PETITOT RIVER BELOW HIGHWAY 77,RIVIÈRE PETITOT À L'AUT. 77,59.98376,-122.92732,NAD83,B.C.,C.-B.,LOWER MACKENZIE,BAS MACKENZIE,ARCTIC OCEAN
MA05KH0001,SASKATCHEWAN RIVER ABOVE CARROT RIVER,RIVIÈRE SASKATCHEWAN EN AMONT DE LA RIVIÈRE CARROT,53.8417,-101.3342,NAD27,MAN.,MAN.,LOWER SASKATCHEWAN - NELSON,BAS SASKATCHEWAN-NELSON,HUDSON BAY
MA05NF0001,"SOURIS RIVER AT COULTER, MANITOBA","SOURIS RIVER AT COULTER, MANITOBA",49.0909,-100.9475,NAD27,MAN.,MAN.,ASSINIBOINE-RED,ASSINIBOINE-ROUGE,HUDSON BAY
MA05OB0001,"PEMBINA RIVER AT WINDYGATES, MANITOBA",RIVIÈRE PEMBINA À WINDY GATES,49.0314,-98.2778,NAD27,MAN.,MAN.,ASSINIBOINE-RED,ASSINIBOINE-ROUGE,HUDSON BAY
MA05OC0001,"RED RIVER AT EMERSON, MANITOBA",RIVIÈRE ROUGE À EMERSON,49.0081,-97.2106,NAD27,MAN.,MAN.,ASSINIBOINE-RED,ASSINIBOINE-ROUGE,HUDSON BAY
MA05PF0022,"WINNIPEG RIVER AT POINTE DU BOIS,",RIVIÈRE WINNIPEG À POINTE DU BOIS,50.3006,-95.5556,NAD27,MAN.,MAN.,WINNIPEG,WINNIPEG,HUDSON BAY
NB01AJ0008,PRESQU'ÎLE RIVER AT TRACEY MILLS ABOVE OLD DAM,RIVIÈRE BIG PRESQU'ÎLE À TRACEY MILLS AU-DESSUS DE L'ANCIEN BARRAGE,46.4394,-67.7444,NAD83,N.B.,N.-B.,SAINT JOHN - ST. CROIX,SAINT-JEAN - SAINTE-CROIX,ATLANTIC OCEAN
NB01AJ0126,MEDUXNEKEAG RIVER AT NEW WSC GAUGE LOCATION,RIVIÈRE MEDUXKEAG AU NIVEAU DE L'EMPLACEMENT DE LA NOUVELLE JAUGE DE LA DHRC,46.216,-67.728,NAD83,N.B.,N.-B.,SAINT JOHN - ST. CROIX,SAINT-JEAN - SAINTE-CROIX,ATLANTIC OCEAN
NB01AR0021,ST. CROIX RIVER AT MILLTOWN CANADIAN SIDE,"RIVIÈRE SAINTE-CROIX, À MILLTOWN, SUR LA RIVE CANADIENNE",45.1686,-67.3006,NAD83,N.B.,N.-B.,SAINT JOHN - ST. CROIX,SAINT-JEAN - SAINTE-CROIX,ATLANTIC OCEAN
NB01AR0151,"FOREST CITY, MAINE","FOREST CITY, MAINE",45.6641,-67.7336,NAD83,N.B.,N.-B.,SAINT JOHN - ST. CROIX,SAINT-JEAN - SAINTE-CROIX,ATLANTIC OCEAN
NB01BK0100,"NEPISIGUIT RIVER UPSTREAM OF BRIDGE, ROUTE 360","RIVIÈRE NEPISIGUIT EN AMONT DU PONT, ROUTE 360",47.441,-65.706,WGS84,N.B.,N.-B.,MARITIME COASTAL,CÔTE DES PROVINCES MARITIMES,ATLANTIC OCEAN
NB01BR0006,"PORTAGE RIVER AT HIGHWAY 117, LOWER SAPIN","RIVIÈRE PORTAGE À L'AUTOROUTE 117, LOWER SAPIN",46.9275,-64.9106,NAD83,N.B.,N.-B.,MARITIME COASTAL,CÔTE DES PROVINCES MARITIMES,ATLANTIC OCEAN
NB01BR0008,"BLACK RIVER AT HIGHWAY 117 COVERED BRIDGE, CLAIRE FONTAINE","RIVIÈRE BLACK AU PONT COUVERT DE L'AUTOROUTE 117, CLAIRE FONTAINE",46.8381,-64.9917,NAD83,N.B.,N.-B.,MARITIME COASTAL,CÔTE DES PROVINCES MARITIMES,ATLANTIC OCEAN
NB01BR0087,"RANKIN BROOK, NORTH BRANCH","RUISSEAU RANKIN, EMBRANCHEMENT NORD",46.8114,-65.075,NAD83,N.B.,N.-B.,MARITIME COASTAL,CÔTE DES PROVINCES MARITIMES,ATLANTIC OCEAN
NB01BR0112,TWEEDIE BROOK NEAR HIGHWAY BRIDGE AT TWEEDIE BROOK,RUISSEAU TWEEDIE PRÈS DU PONT DE L'AUTOROUTE AU RUISSEAU TWEEDIE,46.7822,-65.1347,NAD83,N.B.,N.-B.,MARITIME COASTAL,CÔTE DES PROVINCES MARITIMES,ATLANTIC OCEAN
NB01BR0114,KOUCHIBOUGUACIS RIVER ABOVE RUISSEAU À LA TRUITE - ALSO KNOWN AS ST. IGNACE,RIVIÈRE KOUCHIBOUGUACIS AU DESSUS DU RUISSEAU À LA TRUITE - ALIAS RIVIÈRE SAINT-IGNACE,46.6999,-65.0847,NAD83,N.B.,N.-B.,MARITIME COASTAL,CÔTE DES PROVINCES MARITIMES,ATLANTIC OCEAN
NB01BS0157,"RICHIBUCTO RIVER ABOVE SMITHS CORNER BRIDGE, ROUTE 116","RIVIÈRE RICHIBUCTO EN AMONT DU PONT SMITHS CORNER, ROUTE 116",46.51,-65.163,WGS84,N.B.,N.-B.,MARITIME COASTAL,CÔTE DES PROVINCES MARITIMES,ATLANTIC OCEAN
NB01BV0167,BENNET LAKE,LAC BENNET,45.6272,-65.078,NAD83,N.B.,N.-B.,MARITIME COASTAL,CÔTE DES PROVINCES MARITIMES,ATLANTIC OCEAN
NB01BV0168,WOLFE LAKE,LAC WOLFE,45.6581,-65.1397,NAD83,N.B.,N.-B.,MARITIME COASTAL,CÔTE DES PROVINCES MARITIMES,ATLANTIC OCEAN
NF02XA0001,LITTLE MECATINA RIVER ABOVE LAKE FOURMONT,RIVIÈRE DU PETIT-MECATINA AU-DESSUS DU LAC FOURMONT,52.2283,-61.3225,NAD83,N.L.,T.-N.-L.,NORTH SHORE - GASPÉ,CÔTE NORD - GASPÉ,ATLANTIC OCEAN
NF02XB0018,TRIBUTARY TO ST. AUGUSTINE RIVER,TRIBUTAIRE DE LA RIVIÈRE ST. AUGUSTINE,52.5518,-59.3275,WGS84,N.L.,T.-N.-L.,NORTH SHORE - GASPÉ,CÔTE NORD - GASPÉ,ATLANTIC OCEAN
NF02YE0004,PORTLAND CREEK AT ROUTE 430,"PORTLAND CREEK, AU PONT DE LA ROUTE 430",50.1817,-57.6036,NAD83,N.L.,T.-N.-L.,NEWFOUNDLAND - LABRADOR,TERRE-NEUVE - LABRADOR,ATLANTIC OCEAN
NF02YE0005,WESTERN BROOK AT ROUTE 430,"WESTERN BROOK, AU PONT DE LA ROUTE 430",49.8303,-57.8564,NAD83,N.L.,T.-N.-L.,NEWFOUNDLAND - LABRADOR,TERRE-NEUVE - LABRADOR,ATLANTIC OCEAN
NF02YG0001,MAIN RIVER AT ROUTE 420,"RIVIÈRE MAIN, AU NIVEAU DU PONT DE LA ROUTE 420",49.7694,-56.9042,NAD83,N.L.,T.-N.-L.,NEWFOUNDLAND - LABRADOR,TERRE-NEUVE - LABRADOR,ATLANTIC OCEAN
NF02YG0020,EAGLE MOUNTAIN BROOK BELOW EAGLE MOUNTAIN POND,EAGLE MOUNTAIN ROCK,49.8315,-57.2868,NAD83,N.L.,T.-N.-L.,NEWFOUNDLAND - LABRADOR,TERRE-NEUVE - LABRADOR,ATLANTIC OCEAN
NF02YH0013,UNNAMED LAKE 3.5 KM SOUTH-SOUTH-EAST OF TEN MILE POND,"LAC SANS NOM, À 3,5 KM AU SUD-SUD-EST DE L'ÉTANG TEN MILE",49.5967,-57.7333,NAD83,N.L.,T.-N.-L.,NEWFOUNDLAND - LABRADOR,TERRE-NEUVE - LABRADOR,ATLANTIC OCEAN
NF02YH0014,UNNAMED LAKE 3.8 KM NORTH-NORTH-EAST OF BADWEATHER POND,"LAC SANS NOM, À 3,8 KM AU NORD-EST DE L'ÉTANG BAD WEATHER",49.4372,-57.5317,NAD83,N.L.,T.-N.-L.,NEWFOUNDLAND - LABRADOR,TERRE-NEUVE - LABRADOR,ATLANTIC OCEAN
NF02YH0015,"UNNAMED POND, 6 KM NORTH-EAST OF BAD WEATHER POND","ÉTANG SANS NOM, À 6 KM AU NORD-EST DE L'ÉTANG BAD WEATHER",49.4608,-57.525,NAD83,N.L.,T.-N.-L.,NEWFOUNDLAND - LABRADOR,TERRE-NEUVE - LABRADOR,ATLANTIC OCEAN
NF02YH0018,LOMOND RIVER AT ROUTE 431,"RIVIÈRE LOMOND, AU NIVEAU DU PONT DE LA ROUTE 431",49.4019,-57.7303,NAD83,N.L.,T.-N.-L.,NEWFOUNDLAND - LABRADOR,TERRE-NEUVE - LABRADOR,ATLANTIC OCEAN
NF02YH0025,UNNAMED LAKE 1.5 KM EAST OF HARDING POND,"LAC SANS NOM, À 1,5 KM DE L'ÉTANG HARDING",49.5622,-57.7264,NAD83,N.L.,T.-N.-L.,NEWFOUNDLAND - LABRADOR,TERRE-NEUVE - LABRADOR,ATLANTIC OCEAN
NF02YH0026,"UNNAMED POND, 3 KM NORTH-EAST OF KILLDEVIL HILL","ÉTANG SANS NOM, À 3 KM AU NORD-EST DU MONT KILLDEVIL",49.5236,-57.7111,NAD83,N.L.,T.-N.-L.,NEWFOUNDLAND - LABRADOR,TERRE-NEUVE - LABRADOR,ATLANTIC OCEAN
NF02YJ0004,PINCHGUT BROOK AT TCH,"RUISSEAU PINCHGUT, AU PONT DE LA ROUTE TRANSCANADIENNE",48.7975,-58.0619,NAD83,N.L.,T.-N.-L.,NEWFOUNDLAND - LABRADOR,TERRE-NEUVE - LABRADOR,ATLANTIC OCEAN
NF02YK0022,HUMBER CANAL AT MAIN DAM ROAD,"CANAL HUMBER, AU-DESSUS DU CHEMIN MAIN DAM",49.1661,-57.4156,NAD83,N.L.,T.-N.-L.,NEWFOUNDLAND - LABRADOR,TERRE-NEUVE - LABRADOR,ATLANTIC OCEAN
NF02YL0011,HUMBER RIVER AT LITTLE FALLS BRIDGE,"RIVIÈRE HUMBER, AU PONT DE LITTLE FALLS",49.3483,-57.2353,NAD83,N.L.,T.-N.-L.,NEWFOUNDLAND - LABRADOR,TERRE-NEUVE - LABRADOR,ATLANTIC OCEAN
NF02YL0012,HUMBER RIVER AT HUMBER VILLAGE BRIDGE,"RIVIÈRE HUMBER, AU PONT DE HUMBER VILLAGE",48.9836,-57.7611,NAD83,N.L.,T.-N.-L.,NEWFOUNDLAND - LABRADOR,TERRE-NEUVE - LABRADOR,ATLANTIC OCEAN
NF02YL0013,CORNER BROOK AT MARGARET BOWATER PARK,"RUISSEAU CORNER AU PONT, PROMENADE O'CONNELL",48.9444,-57.9367,NAD83,N.L.,T.-N.-L.,NEWFOUNDLAND - LABRADOR,TERRE-NEUVE - LABRADOR,ATLANTIC OCEAN
NF02YL0029,WILD COVE BROOK AT ROUTE 440,"RUISSEAU WILD COVE, À UN PONCEAU SUR LA ROUTE 440",48.9744,-57.8839,NAD83,N.L.,T.-N.-L.,NEWFOUNDLAND - LABRADOR,TERRE-NEUVE - LABRADOR,ATLANTIC OCEAN
NF02YL0035,WILD COVE BROOK 1.7 KM UPSTREAM OF ROUTE 440,"RUISSEAU WILD COVE, À 1,7 KM EN AMONT DE LA ROUTE 440",48.9778,-57.8664,NAD83,N.L.,T.-N.-L.,NEWFOUNDLAND - LABRADOR,TERRE-NEUVE - LABRADOR,ATLANTIC OCEAN
NF02YL0106,SOUTH BROOK AT PASADENA BEACH,RUISSEAU SOUTH BROOK À LA PLAGE PASADENA,49.0212,-57.6118,WGS84,N.L.,T.-N.-L.,NEWFOUNDLAND - LABRADOR,TERRE-NEUVE - LABRADOR,ATLANTIC OCEAN
NF02YN0001,LLOYDS RIVER AT ROUTE 480,"RIVIÈRE LLOYDS, AU PONT DE LA ROUTE 480, CHEMIN BURGEO",48.3044,-57.7186,NAD83,N.L.,T.-N.-L.,NEWFOUNDLAND - LABRADOR,TERRE-NEUVE - LABRADOR,ATLANTIC OCEAN
NF02YN0043,PETER STRIDES LAKE AT ROUTE 480,"LAC PETER STRIDES, AU NIVEAU DE LA ROUTE 480",48.1536,-57.7233,NAD83,N.L.,T.-N.-L.,NEWFOUNDLAND - LABRADOR,TERRE-NEUVE - LABRADOR,ATLANTIC OCEAN
NF02YO0001,EXPLOITS RIVER AT GRAND FALLS,"RIVIÈRE EXPLOITS, À GRAND FALLS",48.9306,-55.6669,NAD83,N.L.,T.-N.-L.,NEWFOUNDLAND - LABRADOR,TERRE-NEUVE - LABRADOR,ATLANTIC OCEAN
NF02YO0020,EXPLOITS RIVER AT ASPEN BROOK ,"RIVIÈRE EXPLOITS, À L’EXTRÉMITÉ OUEST D’UNE CARRIÈRE DE GRAVIER",48.9492,-55.9156,NAD83,N.L.,T.-N.-L.,NEWFOUNDLAND - LABRADOR,TERRE-NEUVE - LABRADOR,ATLANTIC OCEAN
NF02YO0107,EXPLOITS RIVER NEAR MILLERTOWN,"RIVIÈRE EXPLOITS, À ENVIRON 0,5 KM EN AVAL DU BARRAGE",48.7594,-56.5919,NAD83,N.L.,T.-N.-L.,NEWFOUNDLAND - LABRADOR,TERRE-NEUVE - LABRADOR,ATLANTIC OCEAN
NF02YO0128,EXPLOITS RIVER BELOW GRAND FALLS,"RIVIÈRE EXPLOITS, EN DESSOUS DE GRAND FALLS",48.9367,-55.6181,NAD83,N.L.,T.-N.-L.,NEWFOUNDLAND - LABRADOR,TERRE-NEUVE - LABRADOR,ATLANTIC OCEAN
NF02YO0142,CORDUROY BROOK NEAR CENTENNIAL PARK,"RUISSEAU CORDUROY, À GRAND FALLS",48.9392,-55.6631,NAD83,N.L.,T.-N.-L.,NEWFOUNDLAND - LABRADOR,TERRE-NEUVE - LABRADOR,ATLANTIC OCEAN
NF02YO0143,EXPLOITS RIVER AT BOND BRIDGE,"RIVIÈRE EXPLOITS, AU NIVEAU DE LA ROUTE TRANSCANADIENNE (PONT SIR ROBERT BOND)",49.0231,-55.4481,NAD83,N.L.,T.-N.-L.,NEWFOUNDLAND - LABRADOR,TERRE-NEUVE - LABRADOR,ATLANTIC OCEAN
NF02YQ0030,GANDER RIVER AT APPLETON,"RIVIÈRE GANDER, EN DESSOUS DU LAC GANDER, À APPLETON",48.9944,-54.8675,NAD83,N.L.,T.-N.-L.,NEWFOUNDLAND - LABRADOR,TERRE-NEUVE - LABRADOR,ATLANTIC OCEAN
NF02YQ0072,CARELESS BROOK AT RESOURCE ROAD STEEL BRIDGE ,RUISSEAU CARELESS COVE AU PONT EN ACIER RESOURCE ROAD,48.9021,-54.9939,NAD83,N.L.,T.-N.-L.,NEWFOUNDLAND - LABRADOR,TERRE-NEUVE - LABRADOR,ATLANTIC OCEAN
NF02YS0001,TERRA NOVA RIVER AT TERRA NOVA,"RIVIÈRE TERRA-NOVA, DEPUIS LE PONT FERROVIAIRE",48.5075,-54.2117,NAD83,N.L.,T.-N.-L.,NEWFOUNDLAND - LABRADOR,TERRE-NEUVE - LABRADOR,ATLANTIC OCEAN
NF02YS0003,"RATTLE POND, TERRA NOVA NATIONAL PARK","ÉTANG RATTLE, PARC NATIONAL TERRA NOVA",48.5136,-53.8244,NAD83,N.L.,T.-N.-L.,NEWFOUNDLAND - LABRADOR,TERRE-NEUVE - LABRADOR,ATLANTIC OCEAN
NF02YS0011,TERRA NOVA RIVER AT SPENCER BRIDGE,"RIVIÈRE TERRA-NOVA, EN AVAL DU PONT E.S. SPENCER",48.6406,-54.0361,NAD83,N.L.,T.-N.-L.,NEWFOUNDLAND - LABRADOR,TERRE-NEUVE - LABRADOR,ATLANTIC OCEAN
NF02YS0016,"NAMELESS POND  NO. 2, NEAR SOUTH BROAD COVE","ÉTANG SANS NOM NO. 2, PRÈS DE L'ANSE SOUTH BROAD",48.5497,-53.8497,NAD83,N.L.,T.-N.-L.,NEWFOUNDLAND - LABRADOR,TERRE-NEUVE - LABRADOR,ATLANTIC OCEAN
NF02YS0020,"PINE HILL POND, TERRA NOVA NATIONAL PARK","ÉTANG PINE HILL, PARC NATIONAL TERRA NOVA",48.6042,-53.9775,WGS84,N.L.,T.-N.-L.,NEWFOUNDLAND - LABRADOR,TERRE-NEUVE - LABRADOR,ATLANTIC OCEAN
NF02YS0021,"BOG POND, TERRA NOVA NATIONAL PARK","ÉTANG BOG, PARC NATIONAL TERRA NOVA",48.4942,-54.1331,NAD83,N.L.,T.-N.-L.,NEWFOUNDLAND - LABRADOR,TERRE-NEUVE - LABRADOR,ATLANTIC OCEAN
NF02YS0029,"LONG WATERS (SOUTH), TERRA NOVA NATIONAL PARK","LONG WATERS (SUD), PARC NATIONAL TERRA NOVA",48.4581,-54.0556,NAD83,N.L.,T.-N.-L.,NEWFOUNDLAND - LABRADOR,TERRE-NEUVE - LABRADOR,ATLANTIC OCEAN
NF02YS0045,"JAY POND, TERRA NOVA NATIONAL PARK","ÉTANG JAY, PARC NATIONAL TERRA NOVA",48.6367,-53.8842,NAD83,N.L.,T.-N.-L.,NEWFOUNDLAND - LABRADOR,TERRE-NEUVE - LABRADOR,ATLANTIC OCEAN
NF02YS0048,"MOSES COVE POND, TERRA NOVA NATIONAL PARK","ÉTANG MOSES COVE, PARC NATIONAL TERRA NOVA",48.5967,-53.7544,WGS84,N.L.,T.-N.-L.,NEWFOUNDLAND - LABRADOR,TERRE-NEUVE - LABRADOR,ATLANTIC OCEAN
NF02YS0065,"SHALLOW POND NO. 3, TERRA NOVA NATIONAL PARK","ÉTANG PEU PROFOND NO. 3, PARC NATIONAL TERRA NOVA",48.5042,-53.825,NAD83,N.L.,T.-N.-L.,NEWFOUNDLAND - LABRADOR,TERRE-NEUVE - LABRADOR,ATLANTIC OCEAN
NF02YS0069,"OCHRE HILL PONDS (NORTH), TERRA NOVA NATIONAL PARK","ÉTANGS OCHRE HILL (NORD), PARC NATIONAL TERRA NOVA",48.5025,-53.9639,NAD83,N.L.,T.-N.-L.,NEWFOUNDLAND - LABRADOR,TERRE-NEUVE - LABRADOR,ATLANTIC OCEAN
NF02YS0070,"CHATMAN PONDS WEST , TERRA NOVA NATIONAL PARK","ÉTANGS CHATMAN OUEST, PARC NATIONAL TERRA NOVA",48.4942,-53.9842,NAD83,N.L.,T.-N.-L.,NEWFOUNDLAND - LABRADOR,TERRE-NEUVE - LABRADOR,ATLANTIC OCEAN
NF02YS0083,NORTHWEST RIVER AT TERRA NOVA NATIONAL PARK,"RIVIÈRE NORTHWEST, À LA ROUTE TRANSCANADIENNE, PORT BLANDFORD",48.3956,-54.1981,NAD83,N.L.,T.-N.-L.,NEWFOUNDLAND - LABRADOR,TERRE-NEUVE - LABRADOR,ATLANTIC OCEAN
NF02YS0111,BLUEHILL POND TERRA NOVA NATIONAL PARK,"ÉTANG BLUEHILL, PARC NATIONAL TERRA-NOVA",48.6001,-53.9263,NAD83,N.L.,T.-N.-L.,NEWFOUNDLAND - LABRADOR,TERRE-NEUVE - LABRADOR,ATLANTIC OCEAN
NF02YS0112,"MINCHINS POND, TERRA NOVA NATIONAL PARK","ÉTANG MINCHINS, PARC NATIONAL TERRA-NOVA",48.5581,-53.8826,NAD83,N.L.,T.-N.-L.,NEWFOUNDLAND - LABRADOR,TERRE-NEUVE - LABRADOR,ATLANTIC OCEAN
NF02YS0113,"YUDLE POND, TERRA NOVA NATIONAL PARK","ÉTANG YUDLE, PARC NATIONAL TERRA-NOVA",48.4383,-54.0339,NAD83,N.L.,T.-N.-L.,NEWFOUNDLAND - LABRADOR,TERRE-NEUVE - LABRADOR,ATLANTIC OCEAN
NF02YS0134,OPERATIONS COMPOUND,COMPLEXE DES OPÉRATIONS,48.5584,-53.9747,NAD83,N.L.,T.-N.-L.,NEWFOUNDLAND - LABRADOR,TERRE-NEUVE - LABRADOR,ATLANTIC OCEAN
NF02YS0135,PINE HILL POND,ÉTANG PINE HILL,48.604,-53.9745,NAD83,N.L.,T.-N.-L.,NEWFOUNDLAND - LABRADOR,TERRE-NEUVE - LABRADOR,ATLANTIC OCEAN
NF02YS0136,TROUT POND,ÉTANG TROUT,48.4527,-54.0144,WGS84,N.L.,T.-N.-L.,NEWFOUNDLAND - LABRADOR,TERRE-NEUVE - LABRADOR,ATLANTIC OCEAN
NF02ZA0006,GRAND CODROY RIVER BELOW OVERFALL BROOK,"RIVIÈRE GRAND CODROY, À 50 M EN DESSOUS DU RUISSEAU OVERFALL",47.8694,-59.1181,NAD83,N.L.,T.-N.-L.,NEWFOUNDLAND - LABRADOR,TERRE-NEUVE - LABRADOR,ATLANTIC OCEAN
NF02ZC0020,BUCK LAKE ON ROUTE 480,"LAC BUCK, SUR LA ROUTE 480",48.0133,-57.6664,NAD83,N.L.,T.-N.-L.,NEWFOUNDLAND - LABRADOR,TERRE-NEUVE - LABRADOR,ATLANTIC OCEAN
NF02ZK0005,NORTHEAST RIVER 4.7 KM EAST OF DUNVILLE,"RIVIÈRE NORTHEAST, À 4,7 KM À L’EST DE DUNVILLE",47.2731,-53.8403,NAD83,N.L.,T.-N.-L.,NEWFOUNDLAND - LABRADOR,TERRE-NEUVE - LABRADOR,ATLANTIC OCEAN
NF02ZL0029,GOULDS BROOK NEAR MAKINSONS,"RUISSEAU GOULDS, BAIE CONCEPTION",47.5047,-53.2911,NAD83,N.L.,T.-N.-L.,NEWFOUNDLAND - LABRADOR,TERRE-NEUVE - LABRADOR,ATLANTIC OCEAN
NF02ZM0004,WATERFORD RIVER AT COMMONWEALTH AVENUE,"RIVIÈRE WATERFORD, AU PONT SUR L’AVENUE COMMONWEALTH",47.5219,-52.8081,NAD83,N.L.,T.-N.-L.,NEWFOUNDLAND - LABRADOR,TERRE-NEUVE - LABRADOR,ATLANTIC OCEAN
NF02ZM0009,WATERFORD RIVER AT KILBRIDE,RIVIÈRE WATERFORD,47.5294,-52.7414,NAD83,N.L.,T.-N.-L.,NEWFOUNDLAND - LABRADOR,TERRE-NEUVE - LABRADOR,ATLANTIC OCEAN
NF02ZM0014,VIRGINIA RIVER AT THE BOULEVARD,"RIVIÈRE VIRGINIA, À ST. JOHN'S",47.5839,-52.6914,NAD83,N.L.,T.-N.-L.,NEWFOUNDLAND - LABRADOR,TERRE-NEUVE - LABRADOR,ATLANTIC OCEAN
NF02ZM0015,QUIDI VIDI LAKE AT OUTLET,"EXUTOIRE DU LAC QUIDI VIDI, À ST. JOHN'S",47.5839,-52.6808,NAD83,N.L.,T.-N.-L.,NEWFOUNDLAND - LABRADOR,TERRE-NEUVE - LABRADOR,ATLANTIC OCEAN
NF02ZM0016,RENNIE'S RIVER AT CARNELL DRIVE,"RIVIÈRE RENNIE, À ST. JOHN'S",47.5778,-52.7008,NAD83,N.L.,T.-N.-L.,NEWFOUNDLAND - LABRADOR,TERRE-NEUVE - LABRADOR,ATLANTIC OCEAN
NF02ZM0020,BROAD COVE BROOK NEAR ST. PHILLIPS,"RUISSEAU BROAD COVE, À ST. PHILLIPS",47.5872,-52.8814,NAD83,N.L.,T.-N.-L.,NEWFOUNDLAND - LABRADOR,TERRE-NEUVE - LABRADOR,ATLANTIC OCEAN
NF02ZM0098,VIRGINIA RIVER AT HEADWATERS ,RIVIÈRE VIRGINIA - À ENVIRON 1200 M EN AMONT DE MCNIVEN PLACE,47.5983,-52.7583,NAD83,N.L.,T.-N.-L.,NEWFOUNDLAND - LABRADOR,TERRE-NEUVE - LABRADOR,ATLANTIC OCEAN
NF02ZM0109,MUNDY POND AT OUTLET,"ÉTANG MUNDY, SUR LA RIVE DROITE, À 10 M AU-DESSUS DE L’EXUTOIRE DE L’ÉTANG",47.5517,-52.7439,NAD83,N.L.,T.-N.-L.,NEWFOUNDLAND - LABRADOR,TERRE-NEUVE - LABRADOR,ATLANTIC OCEAN
NF02ZM0175,WATERFORD RIVER AT BROOKFIELD ROAD,"RIVIÈRE WATERFORD, AU PONT SUR LE CHEMIN BROOKFIELD",47.5261,-52.7633,NAD83,N.L.,T.-N.-L.,NEWFOUNDLAND - LABRADOR,TERRE-NEUVE - LABRADOR,ATLANTIC OCEAN
NF02ZM0176,SOUTH BROOK AT MOUTH,"RUISSEAU SOUTH, AU PONT FERROVIAIRE",47.5281,-52.7467,NAD83,N.L.,T.-N.-L.,NEWFOUNDLAND - LABRADOR,TERRE-NEUVE - LABRADOR,ATLANTIC OCEAN
NF02ZM0177,RENNIE'S RIVER AT PORTUGAL COVE ROAD BRIDGE,"RIVIÈRE RENNIE, SUR LE PONT DU CHEMIN PORTUGAL COVE",47.5744,-52.71,NAD83,N.L.,T.-N.-L.,NEWFOUNDLAND - LABRADOR,TERRE-NEUVE - LABRADOR,ATLANTIC OCEAN
NF02ZM0178,LEARYS BROOK AT PRINCE PHILIP DRIVE,"RUISSEAU LEARY, AU PONT DE CLINCH CRESCENT",47.5725,-52.7392,NAD83,N.L.,T.-N.-L.,NEWFOUNDLAND - LABRADOR,TERRE-NEUVE - LABRADOR,ATLANTIC OCEAN
NF02ZM0179,TRIBUTARY TO VIRGINIA RIVER AT GUZZWELL DRIVE,"RIVIÈRE VIRGINIA, SUR LA PROMENADE GUZZWELL",47.5964,-52.7017,NAD83,N.L.,T.-N.-L.,NEWFOUNDLAND - LABRADOR,TERRE-NEUVE - LABRADOR,ATLANTIC OCEAN
NF02ZM0180,VIRGINIA RIVER AT NEWFOUNDLAND DRIVE,"RIVIÈRE VIRGINIA, SUR LA PROMENADE NEWFOUNDLAND",47.5997,-52.7006,NAD83,N.L.,T.-N.-L.,NEWFOUNDLAND - LABRADOR,TERRE-NEUVE - LABRADOR,ATLANTIC OCEAN
NF02ZM0181,WATERFORD RIVER AT BLACKHEAD ROAD,"RIVIÈRE WATERFORD, SUR LE PONT DU CHEMIN BLACKHEAD",47.5481,-52.7192,NAD83,N.L.,T.-N.-L.,NEWFOUNDLAND - LABRADOR,TERRE-NEUVE - LABRADOR,ATLANTIC OCEAN
NF02ZM0182,WATERFORD RIVER AT BREMIGANS POND DAM,"RIVIÈRE WATERFORD, AU BARRAGE DE L’ÉTANG BREMIGANS",47.5186,-52.8558,NAD83,N.L.,T.-N.-L.,NEWFOUNDLAND - LABRADOR,TERRE-NEUVE - LABRADOR,ATLANTIC OCEAN
NF02ZM0183,KELLIGREWS RIVER AT KELLIVIEW CRESCENT,"RIVIÈRE KELLIGREW, À ENVIRON 100 M EN AVAL DU CROISSANT KELLIVIEW",47.4958,-53.0175,NAD83,N.L.,T.-N.-L.,NEWFOUNDLAND - LABRADOR,TERRE-NEUVE - LABRADOR,ATLANTIC OCEAN
NF02ZM0185,SOUTH BROOK AT HEADWATERS,"RUISSEAU SOUTH, À ENVIRON 300 M EN AVAL DE L'ÉTANG D’AMONT",47.4936,-52.8506,NAD83,N.L.,T.-N.-L.,NEWFOUNDLAND - LABRADOR,TERRE-NEUVE - LABRADOR,ATLANTIC OCEAN
NF02ZM0294,MANUELS RIVER ABOVE MANUELS ACCESS ROAD,"RIVIÈRE MANUALS, AU NIVEAU DE LA ROUTE D’ACCÈS MANUALS",47.5197,-52.9447,NAD83,N.L.,T.-N.-L.,NEWFOUNDLAND - LABRADOR,TERRE-NEUVE - LABRADOR,ATLANTIC OCEAN
NF02ZM0359,PADDY'S POND AT OUTLET,ÉTANG PADDY À L’EXUTOIRE,47.488,-52.8941,NAD83,N.L.,T.-N.-L.,NEWFOUNDLAND - LABRADOR,TERRE-NEUVE - LABRADOR,ATLANTIC OCEAN
NF02ZN0004,SALMONIER RIVER AT ST. CATHERINES,"RIVIÈRE SALMONIER, À ST. CATHERINES",47.1911,-53.3867,NAD83,N.L.,T.-N.-L.,NEWFOUNDLAND - LABRADOR,TERRE-NEUVE - LABRADOR,ATLANTIC OCEAN
NF03NF0013,UGJOKTOK RIVER BELOW HARP LAKE,"RIVIÈRE UGJOKTOK, EN DESSOUS DU LAC HARP",55.2333,-61.2992,NAD83,N.L.,T.-N.-L.,NEWFOUNDLAND - LABRADOR,TERRE-NEUVE - LABRADOR,ATLANTIC OCEAN
NF03OA0020,ASHUANIPI RIVER AT FERGUSON BAY,RIVIÈRE ASHUANIPI,53.0017,-66.2416,NAD83,N.L.,T.-N.-L.,NEWFOUNDLAND - LABRADOR,TERRE-NEUVE - LABRADOR,ATLANTIC OCEAN
NF03OC0012,ATIKONAK RIVER ABOVE PANCHIA LAKE,"RIVIÈRE ATIKONAK, AU-DESSUS DU LAC PANCHIA",52.9694,-64.6622,NAD83,N.L.,T.-N.-L.,NEWFOUNDLAND - LABRADOR,TERRE-NEUVE - LABRADOR,ATLANTIC OCEAN
NF03OD0011,EAST METCHIN RIVER AT TLH,"RIVIÈRE EAST METCHIN, AU LABRADOR",53.4353,-63.2342,NAD83,N.L.,T.-N.-L.,NEWFOUNDLAND - LABRADOR,TERRE-NEUVE - LABRADOR,ATLANTIC OCEAN
NF03OD0012,WILSON RIVER EAST BRANCH,BRAS EST DE LA RIVIÈRE WILSON,53.3092,-62.9197,NAD83,N.L.,T.-N.-L.,NEWFOUNDLAND - LABRADOR,TERRE-NEUVE - LABRADOR,ATLANTIC OCEAN
NF03OE0001,CHURCHILL RIVER ABOVE UPPER MUSKRAT FALLS,"RIVIÈRE CHURCHILL, AU-DESSUS DE UPPER MUSKRAT FALLS",53.2478,-60.7892,NAD83,N.L.,T.-N.-L.,NEWFOUNDLAND - LABRADOR,TERRE-NEUVE - LABRADOR,ATLANTIC OCEAN
NF03OE0029,CHURCHILL RIVER ABOVE GRIZZLE FALLS,RIVIÈRE CHURCHILL EN AMONT DES CHUTES GRIZZLE,52.9701,-61.4454,WGS84,N.L.,T.-N.-L.,NEWFOUNDLAND - LABRADOR,TERRE-NEUVE - LABRADOR,ATLANTIC OCEAN
NF03OE0030,MINIPI RIVER BELOW MINIPI LAKE,"RIVIÈRE MINIPI, EN DESSOUS DU LAC MINIPI",52.6147,-61.1864,NAD83,N.L.,T.-N.-L.,NEWFOUNDLAND - LABRADOR,TERRE-NEUVE - LABRADOR,ATLANTIC OCEAN
NF03OE0032,PINUS RIVER ABOVE TLH,"RIVIÈRE PINUS, À LA STATION HYDROMÉTRIQUE",53.1478,-61.5586,NAD83,N.L.,T.-N.-L.,NEWFOUNDLAND - LABRADOR,TERRE-NEUVE - LABRADOR,ATLANTIC OCEAN
NF03OE0033,BIG POND BROOK BELOW BIG POND,"RUISSEAU BIG POND, EN DESSOUS DE L’ÉTANG BIG",53.5119,-60.2919,NAD83,N.L.,T.-N.-L.,NEWFOUNDLAND - LABRADOR,TERRE-NEUVE - LABRADOR,ATLANTIC OCEAN
NF03OE0035,DOMINION LAKE OUTFLOW,EXUTOIRE DU LAC DOMINION,52.7289,-61.754,NAD83,N.L.,T.-N.-L.,NEWFOUNDLAND - LABRADOR,TERRE-NEUVE - LABRADOR,ATLANTIC OCEAN
NF03OE0037,CACHE RIVER AT TLH,RIVIÈRE CACHE,53.1925,-62.2031,NAD83,N.L.,T.-N.-L.,NEWFOUNDLAND - LABRADOR,TERRE-NEUVE - LABRADOR,ATLANTIC OCEAN
NF03PB0025,NASKAUPI RIVER BELOW NASKAUPI LAKE,"RIVIÈRE NASKAUPI, EN DESSOUS DU LAC NASKAUPI",54.1317,-61.4292,NAD83,N.L.,T.-N.-L.,NEWFOUNDLAND - LABRADOR,TERRE-NEUVE - LABRADOR,ATLANTIC OCEAN
NF03PB0028,CAPE CARIBOU RIVER AT GRAND LAKE,RIVIÈRE CAPE CARIBOU ISKUI,53.6211,-60.4144,NAD83,N.L.,T.-N.-L.,NEWFOUNDLAND - LABRADOR,TERRE-NEUVE - LABRADOR,ATLANTIC OCEAN
NF03PB0029,GRAND LAKE OUTFLOW AT NORTH WEST RIVER,"EXUTOIRE DU LAC GRAND, À SHESHATSHIU",53.5217,-60.1419,NAD83,N.L.,T.-N.-L.,NEWFOUNDLAND - LABRADOR,TERRE-NEUVE - LABRADOR,ATLANTIC OCEAN
NF03PB0030,SEAL LAKE AT NARROWS,ASHKUI À L'ENDROIT OÙ LE LAC SEAL RÉTRÉCIT - W15SEA,54.3319,-61.6408,NAD83,N.L.,T.-N.-L.,NEWFOUNDLAND - LABRADOR,TERRE-NEUVE - LABRADOR,ATLANTIC OCEAN
NF03PB0032,SUSAN RIVER NORTH OF BEAVER RIVER,"ASHKUI SUR LA RIVIÈRE SUSAN, AU NORD DE LA RIVIÈRE BEAVER W-20SUS",53.7381,-60.9467,NAD83,N.L.,T.-N.-L.,NEWFOUNDLAND - LABRADOR,TERRE-NEUVE - LABRADOR,ATLANTIC OCEAN
NF03PB0037,WUCHUSK LAKE AT NASKAUPI RIVER INFLOW,"LAC WUCHUSK, PRÈS DE L’AFFLUENCE DE LA RIVIÈRE NASHAUPI",54.3953,-61.7858,NAD83,N.L.,T.-N.-L.,NEWFOUNDLAND - LABRADOR,TERRE-NEUVE - LABRADOR,ATLANTIC OCEAN
NF03QA0044,CARTER BASIN OUTFLOW,EXUTOIRE DU BASSIN CARTER,53.4978,-59.8736,NAD83,N.L.,T.-N.-L.,NEWFOUNDLAND - LABRADOR,TERRE-NEUVE - LABRADOR,ATLANTIC OCEAN
NF03QA0045,KENAMU RIVER NEAR MOUTH,ASHKUI PRÈS DE L’EMBOUCHURE DE LA RIVIÈRE KENAMU SUR LA RIVE OUEST - W26KEN,53.4761,-59.9169,NAD83,N.L.,T.-N.-L.,NEWFOUNDLAND - LABRADOR,TERRE-NEUVE - LABRADOR,ATLANTIC OCEAN
NF03QC0001,EAGLE RIVER ABOVE FALLS,"RIVIÈRE EAGLE, AU-DESSUS DES CHUTES",53.5342,-57.495,NAD83,N.L.,T.-N.-L.,NEWFOUNDLAND - LABRADOR,TERRE-NEUVE - LABRADOR,ATLANTIC OCEAN
NF03QC0002,ALEXIS RIVER NEAR PORT HOPE SIMPSON,"RIVIÈRE ALEXIS, À ENVIRON 48 KM DE PORT HOPE SIMPSON",52.6489,-56.8714,NAD83,N.L.,T.-N.-L.,NEWFOUNDLAND - LABRADOR,TERRE-NEUVE - LABRADOR,ATLANTIC OCEAN
NS01DC0001,"ANNAPOLIS RIVER, AT BRIDGE 650 M SOUTH OF HIGHWAY 1 (WSC GAUGE)","RIVIÈRE ANNAPOLIS, AU PONT, À 650 M AU SUD DE LA ROUTE 1 (JAUGE DE LA DRHC)",44.9492,-65.0292,NAD83,N.S.,N.-É.,MARITIME COASTAL,CÔTE DES PROVINCES MARITIMES,ATLANTIC OCEAN
NS01DC0203,SOUTH ANNAPOLIS RIVER,RIVIÈRE ANNAPOLIS SUD,45.0017,-64.8223,NAD83,N.S.,N.-É.,MARITIME COASTAL,CÔTE DES PROVINCES MARITIMES,ATLANTIC OCEAN
NS01DD0016,CORNWALLIS RIVER AT BRIDGE 850 M NORTH OF HIGHWAY 1,"RIVIÈRE CORNWALLIS, AU PONT, À 850 M AU NORD DE LA ROUTE 1",45.0647,-64.6358,NAD83,N.S.,N.-É.,MARITIME COASTAL,CÔTE DES PROVINCES MARITIMES,ATLANTIC OCEAN
NS01DR0001,SOUTH RIVER AT ST. ANDREWS,"RIVIÈRE SOUTH, À ST. ANDREWS",45.5578,-61.9039,NAD83,N.S.,N.-É.,MARITIME COASTAL,CÔTE DES PROVINCES MARITIMES,ATLANTIC OCEAN
NS01EA0001,TUSKET RIVER AT WILSON'S BRIDGE,"RIVIÈRE TUSKET, AU PONT DE WILSON",43.9242,-65.8667,NAD83,N.S.,N.-É.,MARITIME COASTAL,CÔTE DES PROVINCES MARITIMES,ATLANTIC OCEAN
NS01EC0005,"ROSEWAY RIVER (WSC GAUGE), LOWER OHIO","RIVIÈRE ROSEWAY (JAUGE DE LA DRHC), À LOWER OHIO",43.8381,-65.3694,NAD83,N.S.,N.-É.,MARITIME COASTAL,CÔTE DES PROVINCES MARITIMES,ATLANTIC OCEAN
NS01ED0004,MOUNTAIN LAKE IN CENTRE OF NORTH PART OF LAKE,"LAC MOUNTAIN, AU CENTRE DE LA PARTIE NORD DU LAC",44.3278,-65.2639,NAD83,N.S.,N.-É.,MARITIME COASTAL,CÔTE DES PROVINCES MARITIMES,ATLANTIC OCEAN
NS01ED0005,MERSEY RIVER BELOW MILL FALLS SOUTH-WEST OF MAITLAND BRIDGE,"RIVIÈRE MERSEY, EN DESSOUS DES CHUTES MILL, AU SUD-OUEST DU PONT MAITLAND",44.4367,-65.2228,NAD83,N.S.,N.-É.,MARITIME COASTAL,CÔTE DES PROVINCES MARITIMES,ATLANTIC OCEAN
NS01ED0007,KEJIMKUJIK LAKE 200 M SOUTH-WEST OF PEALE ISLAND,"LAC KEJIMKUJIK, À 200 M AU SUD-OUEST DE L’ÎLE PEALE",44.3692,-65.2206,NAD83,N.S.,N.-É.,MARITIME COASTAL,CÔTE DES PROVINCES MARITIMES,ATLANTIC OCEAN
NS01ED0010,PEBBLELOGGITCH LAKE IN MIDDLE OF LAKE,"LAC PEBBLELOGGITCH, AU MILIEU DU LAC",44.3014,-65.3514,NAD83,N.S.,N.-É.,MARITIME COASTAL,CÔTE DES PROVINCES MARITIMES,ATLANTIC OCEAN
NS01ED0047,GEORGE LAKE,LAC GEORGE,44.3403,-65.2206,NAD83,N.S.,N.-É.,MARITIME COASTAL,CÔTE DES PROVINCES MARITIMES,ATLANTIC OCEAN
NS01ED0048,LOON LAKE,LAC LOON,44.3167,-65.1914,NAD83,N.S.,N.-É.,MARITIME COASTAL,CÔTE DES PROVINCES MARITIMES,ATLANTIC OCEAN
NS01ED0067,BACK LAKE IN MIDDLE OF LAKE,"LAC BACK, AU MILIEU DU LAC",44.2931,-65.2678,NAD83,N.S.,N.-É.,MARITIME COASTAL,CÔTE DES PROVINCES MARITIMES,ATLANTIC OCEAN
NS01ED0070,BIG DAM WEST LAKE IN MIDDLE OF LAKE,"LAC BIG DAM WEST, AU MILIEU DU LAC",44.4608,-65.2939,NAD83,N.S.,N.-É.,MARITIME COASTAL,CÔTE DES PROVINCES MARITIMES,ATLANTIC OCEAN
NS01ED0073,BIG DAM EAST LAKE IN MIDDLE OF LAKE,"LAC BIG DAM EAST, AU MILIEU DU LAC",44.4533,-65.2686,NAD83,N.S.,N.-É.,MARITIME COASTAL,CÔTE DES PROVINCES MARITIMES,ATLANTIC OCEAN
NS01ED0075,PESKOWESK LAKE 425 M NORTH-WEST OF TIP OF ISLE DE L'ORIGNAL,"LAC PESKOWESK, À 425 M AU NORD-OUEST DE LA POINTE DE L’ÎLE DE L'ORIGNAL",44.3167,-65.2828,NAD83,N.S.,N.-É.,MARITIME COASTAL,CÔTE DES PROVINCES MARITIMES,ATLANTIC OCEAN
NS01ED0076,GRAFTON LAKE IN CENTRE OF LAKE,"LAC GRAFTON, AU CENTRE DU LAC",44.3858,-65.1775,NAD83,N.S.,N.-É.,MARITIME COASTAL,CÔTE DES PROVINCES MARITIMES,ATLANTIC OCEAN
NS01ED0078,COBRIELLE LAKE IN MIDDLE OF LAKE,"LAC COBRIELLE, AU MILIEU DU LAC",44.3164,-65.2328,NAD83,N.S.,N.-É.,MARITIME COASTAL,CÔTE DES PROVINCES MARITIMES,ATLANTIC OCEAN
NS01ED0080,BIG RED LAKE,LAC BIG RED,44.3494,-65.3828,NAD83,N.S.,N.-É.,MARITIME COASTAL,CÔTE DES PROVINCES MARITIMES,ATLANTIC OCEAN
NS01ED0083,LIBERTY LAKE IN MIDDLE OF LAKE,"LAC LIBERTY, AU MILIEU DU LAC",44.3856,-65.4267,NAD83,N.S.,N.-É.,MARITIME COASTAL,CÔTE DES PROVINCES MARITIMES,ATLANTIC OCEAN
NS01ED0085,FROZEN OCEAN LAKE IN MIDDLE OF LAKE,"LAC FROZEN OCEAN, AU MILIEU DU LAC",44.4519,-65.3456,NAD83,N.S.,N.-É.,MARITIME COASTAL,CÔTE DES PROVINCES MARITIMES,ATLANTIC OCEAN
NS01ED0086,CHANNEL LAKE IN MIDDLE OF TOP PART OF LAKE,"LAC CHANNEL, AU MILIEU DE LA PARTIE SUPÉRIEURE DU LAC",44.4256,-65.3097,NAD83,N.S.,N.-É.,MARITIME COASTAL,CÔTE DES PROVINCES MARITIMES,ATLANTIC OCEAN
NS01ED0094,PESKAWA LAKE IN MIDDLE OF LAKE,"LAC PESKAWA, AU MILIEU DU LAC",44.3178,-65.3622,NAD83,N.S.,N.-É.,MARITIME COASTAL,CÔTE DES PROVINCES MARITIMES,ATLANTIC OCEAN
NS01ED0095,UPPER SILVER LAKE IN MIDDLE OF SOUTH BASIN,"LAC UPPER SILVER, AU MILIEU DU BASSIN SUD",44.2828,-65.2467,NAD83,N.S.,N.-É.,MARITIME COASTAL,CÔTE DES PROVINCES MARITIMES,ATLANTIC OCEAN
NS01ED0101,BEAVERSKIN LAKE IN MIDDLE OF WEST PART OF LAKE,"LAC BEAVERSKIN, AU MILIEU DE LA PARTIE OUEST DU LAC",44.3078,-65.3331,NAD83,N.S.,N.-É.,MARITIME COASTAL,CÔTE DES PROVINCES MARITIMES,ATLANTIC OCEAN
NS01ED0110,LOWER PINE MARTEN BOG AT OUTFLOW,"TOURBIÈRE LOWER PINE MARTEN, AU NIVEAU DE L’EXUTOIRE",44.4236,-65.2133,NAD83,N.S.,N.-É.,MARITIME COASTAL,CÔTE DES PROVINCES MARITIMES,ATLANTIC OCEAN
NS01ED0111,PINE MARTEN STREAM AT FOREST ROAD ABOVE CULVERT,"RUISSEAU PINE MARTEN, À LA ROUTE FORESTIÈRE AU-DESSUS DU PONCEAU",44.4264,-65.2128,NAD83,N.S.,N.-É.,MARITIME COASTAL,CÔTE DES PROVINCES MARITIMES,ATLANTIC OCEAN
NS01EE0014,MOOSE PIT BROOK AT OUTFLOW TO TUPPER LAKE,"RUISSEAU MOOSE PIT, À L’EXUTOIRE VERS LE LAC TUPPER",44.4619,-65.0483,NAD83,N.S.,N.-É.,MARITIME COASTAL,CÔTE DES PROVINCES MARITIMES,ATLANTIC OCEAN
NS01EF0002,"LAHAVE RIVER AT WEST NORTHFIELD BRIDGE ON BRUHM ROAD, (WSC GAUGE)","RIVIÈRE LAHAVE, AU PONT DE WEST NORTHFIELD (JAUGE DE LA DRHC)",44.4467,-64.5917,NAD83,N.S.,N.-É.,MARITIME COASTAL,CÔTE DES PROVINCES MARITIMES,ATLANTIC OCEAN
NS01EJ0001,"SACKVILLE RIVER AT HIGHWAY 1 BRIDGE, BEDFORD","RIVIÈRE SACKVILLE, AU PONT DE LA ROUTE 1, À BEDFORD",44.7303,-63.6631,NAD83,N.S.,N.-É.,MARITIME COASTAL,CÔTE DES PROVINCES MARITIMES,ATLANTIC OCEAN
NS01EJ0157,LITTLE SACKVILLE RIVER,RIVIÈRE LITTLE SACKVILLE,44.7645,-63.6876,WGS84,N.S.,N.-É.,MARITIME COASTAL,CÔTE DES PROVINCES MARITIMES,ATLANTIC OCEAN
NS01EN0006,HOOPER LAKE,LAC HOOPER,45.0211,-62.0544,NAD83,N.S.,N.-É.,MARITIME COASTAL,CÔTE DES PROVINCES MARITIMES,ATLANTIC OCEAN
NS01EO0001,"ST. MARY'S RIVER AT HIGHWAY 7 BRIDGE, STILLWATER","RIVIÈRE ST. MARY'S, AU PONT DE LA ROUTE 7, STILLWATER",45.1739,-61.98,NAD83,N.S.,N.-É.,MARITIME COASTAL,CÔTE DES PROVINCES MARITIMES,ATLANTIC OCEAN
NS01FB0001,NORTHEAST MARGAREE RIVER AT BRIDGE (WSC GAUGE),"RIVIÈRE MARGAREE NORD-EST, AU PONT (JAUGE DE LA DRHC)",46.3656,-60.975,NAD83,N.S.,N.-É.,MARITIME COASTAL,CÔTE DES PROVINCES MARITIMES,ATLANTIC OCEAN
NS01FC0004,CHETICAMP RIVER ABOVE ROBERT BROOK (WSC GAUGE),"RIVIÈRE CHETICAMP, AU-DESSUS DU RUISSEAU ROBERT (JAUGE DE LA DRHC)",46.6428,-60.9439,NAD83,N.S.,N.-É.,MARITIME COASTAL,CÔTE DES PROVINCES MARITIMES,ATLANTIC OCEAN
NS01FC0013,FRENCH LAKE CAPE BRETON HIGHLANDS NATIONAL PARK OF CANADA,"LAC FRENCH, PARC NATIONAL DES HAUTES-TERRES-DU-CAP-BRETON",46.7278,-60.8653,NAD83,N.S.,N.-É.,MARITIME COASTAL,CÔTE DES PROVINCES MARITIMES,ATLANTIC OCEAN
NS01FC0019,PRESQU'ÎLE POND,ÉTANG PRESQU'ÎLE,46.6897,-60.9583,NAD83,N.S.,N.-É.,MARITIME COASTAL,CÔTE DES PROVINCES MARITIMES,ATLANTIC OCEAN
NS01FC0032,SUGAR BROOK LAKES,LACS SUGAR BROOK,46.796,-60.794,NAD83,N.S.,N.-É.,MARITIME COASTAL,CÔTE DES PROVINCES MARITIMES,ATLANTIC OCEAN
NS01FD0015,LAKE OF ISLANDS CAPE BRETON HIGHLANDS NATIONAL PARK OF CANADA,"LAKE OF ISLANDS, PARC NATIONAL DES HAUTES-TERRES-DU-CAP-BRETON",46.7481,-60.5244,NAD83,N.S.,N.-É.,MARITIME COASTAL,CÔTE DES PROVINCES MARITIMES,ATLANTIC OCEAN
NS01FD0031,"ROUND LAKE, CAPE BRETON HIGHLANDS NATIONAL PARK OF CANADA","LAC ROUND, PARC NATIONAL DES HAUTES-TERRES-DU-CAP-BRETON",46.8056,-60.5078,NAD83,N.S.,N.-É.,MARITIME COASTAL,CÔTE DES PROVINCES MARITIMES,ATLANTIC OCEAN
NS01FD0039,"LONG POND, CAPE BRETON HIGHLANDS NATIONAL PARK OF CANADA","ÉTANG LONG, PARC NATIONAL DES HAUTES-TERRES-DU-CAP-BRETON",46.7128,-60.4436,NAD83,N.S.,N.-É.,MARITIME COASTAL,CÔTE DES PROVINCES MARITIMES,ATLANTIC OCEAN
NS01FD0040,WARREN LAKE 100 M SOUTH POINT CAPE BRETON HIGHLANDS NATIONAL PARK OF CANADA,"LAC WARREN, À 100 M AU SUD DE LA POINTE, PARC NATIONAL DES HAUTES-TERRES-DU-CAP-BRETON",46.7139,-60.3939,NAD83,N.S.,N.-É.,MARITIME COASTAL,CÔTE DES PROVINCES MARITIMES,ATLANTIC OCEAN
NS01FD0045,BRANCH POND 150 M OF MARY ANN BROOK; CAPE BRETON HIGHLANDS NATIONAL PARK OF CANADA,"ÉTANG BRANCH, À 150 M AU SUD DU RUISSEAU MARY ANN; PARC NATIONAL DES HAUTES-TERRES-DU-CAP-BRETON",46.7417,-60.4542,NAD83,N.S.,N.-É.,MARITIME COASTAL,CÔTE DES PROVINCES MARITIMES,ATLANTIC OCEAN
NS01FD0046,"GLASGOW LAKE, CAPE BRETON HIGHLANDS NATIONAL PARK OF CANADA","LAC GLASGOW, PARC NATIONAL DES HAUTES-TERRES-DU-CAP-BRETON",46.8192,-60.4917,NAD83,N.S.,N.-É.,MARITIME COASTAL,CÔTE DES PROVINCES MARITIMES,ATLANTIC OCEAN
NS01FD0047,"JOHN DEE LAKE 100 M EAST OF ISLAND, CAPE BRETON HIGHLANDS NATIONAL PARK","LAC JOHN DEE, À 100 M À L’EST DE L’ÎLE, PARC NATIONAL DES HAUTES-TERRES-DU-CAP-BRETON",46.8006,-60.5175,NAD83,N.S.,N.-É.,MARITIME COASTAL,CÔTE DES PROVINCES MARITIMES,ATLANTIC OCEAN
NS01FD0048,MICA HILL LAKE 50 M EAST OF LARGE ISLAND,"LAC MICA HILL, À 50 M À L’EST D’UNE GRANDE ÎLE",46.8146,-60.4429,NAD83,N.S.,N.-É.,MARITIME COASTAL,CÔTE DES PROVINCES MARITIMES,ATLANTIC OCEAN
NS01FD0051,FRESHWATER LAKE,LAC FRESHWATER,46.645,-60.3969,NAD83,N.S.,N.-É.,MARITIME COASTAL,CÔTE DES PROVINCES MARITIMES,ATLANTIC OCEAN
NS01FD0089,BROAD COVE MOUNTAIN LAKE,LAC BROAD COVE MOUNTAIN,46.732,-60.39,NAD83,N.S.,N.-É.,MARITIME COASTAL,CÔTE DES PROVINCES MARITIMES,ATLANTIC OCEAN
NW06MA0001,THELON RIVER BELOW OUTLET OF SCHULTZ LAKE,RIVIÈRE THELON EN AVAL DU LAC SCHULTZ,64.7731,-97.0678,NAD83,NVT.,NT,KEEWATIN-SOUTHERN BAFFIN ISLAND,KEEWATIN-SUD DE L'ÎLE DE BAFFIN,HUDSON BAY
NW06OA0001,BROWN RIVER AT OUTLET OF BROWN LAKE,RIVIÈRE BRUNE AU LAC BRUN,65.9356,-91.0664,NAD83,NVT.,NT,KEEWATIN-SOUTHERN BAFFIN ISLAND,KEEWATIN-SUD DE L'ÎLE DE BAFFIN,HUDSON BAY
NW07OB0002,HAY RIVER NEAR ALBERTA/NWT BORDER,RIVIÈRE HAY PRÈS DE LA FRONTIÈRE ALBERTA/T.N.O.,60.0042,-116.9692,NAD83,N.W.T.,T.N.-O.,LOWER MACKENZIE,BAS MACKENZIE,ARCTIC OCEAN
NW07RD0001,LOCKHART RIVER AT OUTLET OF ARTILLERY LAKE,RIVIÈRE LOCKHART AU LAC DE L'ARTILLERIE,62.8889,-108.4717,NAD27,N.W.T.,T.N.-O.,LOWER MACKENZIE,BAS MACKENZIE,ARCTIC OCEAN
NW10EA0004,FLAT RIVER NEAR THE MOUTH,RIVIÈRE PLATE PRÈS DE L'EMBOUCHURE,61.5331,-125.4056,NAD27,N.W.T.,T.N.-O.,LOWER MACKENZIE,BAS MACKENZIE,ARCTIC OCEAN
NW10EA0008,FLAT RIVER AT PARK BOUNDARY,RIVIÈRE PLATE À LA LIMITE DU PARC,61.4278,-126.63,NAD83,N.W.T.,T.N.-O.,LOWER MACKENZIE,BAS MACKENZIE,ARCTIC OCEAN
NW10EB0016,SOUTH NAHANNI RIVER ABOVE VIRGINIA FALLS,RIVIÈRE NAHANNI SUD EN AMONT DES CHUTES VIRGINIA,61.6364,-125.7967,NAD83,N.W.T.,T.N.-O.,LOWER MACKENZIE,BAS MACKENZIE,ARCTIC OCEAN
NW10EC0006,PRAIRIE CREEK 0.25 MILES DOWNSTREAM OF,RUISSEAU PRAIRIE EN AVAL DE LA MINE DU RUISSEAU PRAIRIE,61.5467,-124.7889,NAD27,N.W.T.,T.N.-O.,LOWER MACKENZIE,BAS MACKENZIE,ARCTIC OCEAN
NW10EC0014,PRAIRIE CREEK AT THE MOUTH,RUISSEAU PRAIRIE PRÈS DE L'EMBOUCHURE,61.2839,-124.4464,NAD83,N.W.T.,T.N.-O.,LOWER MACKENZIE,BAS MACKENZIE,ARCTIC OCEAN
NW10EC0017,SOUTH NAHANNI RIVER ABOVE NAHANNI,RIVIÈRE NAHANNI SUD EN AMONT DE LA COLLINE NAHANNI,61.0989,-123.59,NAD83,N.W.T.,T.N.-O.,LOWER MACKENZIE,BAS MACKENZIE,ARCTIC OCEAN
NW10EC0019,PRAIRIE CREEK NEAR NAHANNI NPR BOUNDARY,RUISSEAU PRAIRIE À LA FRONTIÈRE DU VIEUX PARC,61.3478,-124.4164,NAD83,N.W.T.,T.N.-O.,LOWER MACKENZIE,BAS MACKENZIE,ARCTIC OCEAN
NW10EC0020,PRAIRIE CREEK ABOVE CADILLAC MINE,RUISSEAU PRAIRIE EN AMONT DE LA MINE DU RUISSEAU PRAIRIE,61.6047,-124.8172,NAD83,N.W.T.,T.N.-O.,LOWER MACKENZIE,BAS MACKENZIE,ARCTIC OCEAN
NW10EC0021,PRAIRIE CREEK AT NEW NNPR BOUNDARY,RUISSEAU PRAIRIE À LA NOUVELLE LIMITE DE LA RPNN,61.5217,-124.7125,NAD83,N.W.T.,T.N.-O.,LOWER MACKENZIE,BAS MACKENZIE,ARCTIC OCEAN
NW10ED0001,LIARD RIVER AT FORT LIARD,RIVIÈRE LIARD À FORT LIARD,60.2431,-123.4792,NAD27,N.W.T.,T.N.-O.,LOWER MACKENZIE,BAS MACKENZIE,ARCTIC OCEAN
NW10ED0002,LIARD RIVER NEAR THE MOUTH,RIVIÈRE LIARD PRÈS DE L'EMBOUCHURE,61.7395,-121.2192,NAD27,N.W.T.,T.N.-O.,LOWER MACKENZIE,BAS MACKENZIE,ARCTIC OCEAN
NW10FB0006,MACKENZIE RIVER AT STRONG POINT,RIVIÈRE MACKENZIE À STRONG POINT,61.8181,-120.7903,NAD83,N.W.T.,T.N.-O.,LOWER MACKENZIE,BAS MACKENZIE,ARCTIC OCEAN
NW10JC0001,GREAT BEAR RIVER AT OUTLET OF GREAT BEAR LAKE,RIVIÈRE GREAT BEAR À LA SORTIE DU LAC GREAT BEAR,65.1356,-123.5139,NAD27,N.W.T.,T.N.-O.,LOWER MACKENZIE,BAS MACKENZIE,ARCTIC OCEAN
NW10KA0001,MACKENZIE RIVER AT NORMAN WELLS,RIVIÈRE MACKENZIE AU PUITS NORMAN,65.2817,-126.8492,NAD27,N.W.T.,T.N.-O.,LOWER MACKENZIE,BAS MACKENZIE,ARCTIC OCEAN
NW10LA0003,MACKENZIE RIVER ABOVE ARCTIC RED RIVER,RIVIÈRE MACKENZIE EN AMONT DE LA RIVIÈRE ARCTIC RED,67.4561,-133.7369,NAD27,N.W.T.,T.N.-O.,LOWER MACKENZIE,BAS MACKENZIE,ARCTIC OCEAN
NW10MC0001,PEEL RIVER ABOVE FORT MCPHERSON,RIVIÈRE PEEL EN AMONT DE FORT MACPHERSON,67.2206,-134.9456,NAD27,N.W.T.,T.N.-O.,LOWER MACKENZIE,BAS MACKENZIE,ARCTIC OCEAN
NW10OB0003,HORNADAY RIVER BELOW UNNAMED EASTERN TRIBUTARY,RIVIÈRE HORNADAY EN AVAL D’UN TRIBUTAIRE À L’EST NON-IDENTIFIÉ ,68.7542,-122.4022,NAD27,N.W.T.,T.N.-O.,ARCTIC COAST-ISLANDS,CÔTE DE L'ARCTIQUE-ÎLES,ARCTIC OCEAN
NW10OB0006,HORNADAY RIVER ABOVE LITTLE HORNADAY RIVER,RIVIÈRE HORNADAY EN AMONT DE LA PETITE RIVIÈRE HORNADAY,68.3308,-121.9633,NAD83,N.W.T.,T.N.-O.,ARCTIC COAST-ISLANDS,CÔTE DE L'ARCTIQUE-ÎLES,ARCTIC OCEAN
NW10PC0019,COPPERMINE RIVER ABOVE COPPER CREEK,RIVIÈRE COPPERMINE EN AMONT DE LA CRIQUE COPPER,67.2289,-115.8881,NAD83,NVT.,NT,ARCTIC COAST-ISLANDS,CÔTE DE L'ARCTIQUE-ÎLES,ARCTIC OCEAN
NW10RC0002,MEADOWBANK RIVER ABOVE NANAU LAKE,RIVIÈRE MEADOWBANK AU-DESSUS DU LAC NANAU,65.4658,-95.8811,NAD83,NVT.,NT,LOWER MACKENZIE,BAS MACKENZIE,ARCTIC OCEAN
NW10TB0002,THOMSEN RIVER AT GREEN CABIN,RIVIÈRE THOMSEN À GREEN CABINS,73.2269,-119.5422,NAD83,N.W.T.,T.N.-O.,ARCTIC COAST-ISLANDS,CÔTE DE L'ARCTIQUE-ÎLES,ARCTIC OCEAN
NW10UE0002,"OWL RIVER ABOVE DELTA, NEAR MOUTH",RIVIÈRE OWL À L'EMBOUCHURE,66.8928,-64.6883,NAD83,NVT.,NT,ARCTIC COAST-ISLANDS,CÔTE DE L'ARCTIQUE-ÎLES,ARCTIC OCEAN
NW10UF0002,WEASEL RIVER NEAR THE MOUTH AT WINDY LAKE,RIVIÈRE WEASEL PRÈS DE L'EMBOUCHURE,66.3736,-65.4811,NAD27,NVT.,NT,ARCTIC COAST-ISLANDS,CÔTE DE L'ARCTIQUE-ÎLES,ARCTIC OCEAN
NW10UF0003,WEASEL RIVER AT SOUTH OUTLET OF SUMMIT LAKE,RIVIÈRE WEASEL AU LAC SUMMIT,66.6,-65.2297,NAD27,NVT.,NT,ARCTIC COAST-ISLANDS,CÔTE DE L'ARCTIQUE-ÎLES,ARCTIC OCEAN
NW10VK0001,RUGGLES RIVER AT OUTLET OF LAKE HAZEN,RIVIÈRE RUGGLES AU LAC HAZEN,81.7942,-70.4339,NAD27,NVT.,NT,ARCTIC COAST-ISLANDS,CÔTE DE L'ARCTIQUE-ÎLES,ARCTIC OCEAN
NW10VK0002,VERY RIVER NEAR INLET LAKE HAZEN,RIVIÈRE VERY AU LAC HAZEN,81.6803,-73.1258,NAD83,NVT.,NT,ARCTIC COAST-ISLANDS,CÔTE DE L'ARCTIQUE-ÎLES,ARCTIC OCEAN
NW10VK0003,ABBE RIVER NEAR INLET LAKE HAZEN,RIVIÈRE ABBE AU LAC HAZEN,81.8439,-71.0769,NAD83,NVT.,NT,ARCTIC COAST-ISLANDS,CÔTE DE L'ARCTIQUE-ÎLES,ARCTIC OCEAN
NW10VK0004,TURNABOUT RIVER NEAR INLET LAKE HAZEN,RIVIÈRE TURNABOUT AU LAC HAZEN,81.9372,-69.0828,NAD83,NVT.,NT,ARCTIC COAST-ISLANDS,CÔTE DE L'ARCTIQUE-ÎLES,ARCTIC OCEAN
ON02GG0004,POINT EDWARD,POINT EDWARD,43.0048,-82.4155,NAD83,ONT.,ONT.,GREAT LAKES,GRANDS LACS,ATLANTIC OCEAN
ON02GG0005,PORT LAMBTON,PORT LAMBTON,42.6589,-82.5068,NAD83,ONT.,ONT.,GREAT LAKES,GRANDS LACS,ATLANTIC OCEAN
ON02GH0316,DETROIT RIVER SOUTH OF THE AMBASSADOR BRIDGE,RIVIÈRE DÉTROIT AU SUD DU PONT AMBASSADOR,42.3081,-83.0747,NAD83,ONT.,ONT.,GREAT LAKES,GRANDS LACS,ATLANTIC OCEAN
ON02GH0317,DETROIT RIVER SOUTH OF THE AMBASSADOR BRIDGE,RIVIÈRE DÉTROIT AU SUD DU PONT AMBASSADOR,42.3076,-83.0737,NAD83,ONT.,ONT.,GREAT LAKES,GRANDS LACS,ATLANTIC OCEAN
ON02HA0019,NIAGARA-ON-THE-LAKE LIGHTHOUSE,PHARE DE NIAGARA-ON-THE-LAKE,43.2539,-79.0604,NAD83,ONT.,ONT.,GREAT LAKES,GRANDS LACS,ATLANTIC OCEAN
ON02HA0045,NIAGARA RIVER AUTOMATIC DAILY STATION,STATION AUTOMATIQUE JOURNALIÈRE DE LA RIVIÈRE NIAGARA,42.9304,-78.9137,NAD83,ONT.,ONT.,GREAT LAKES,GRANDS LACS,ATLANTIC OCEAN
ON02MA0030,ST. LAWRENCE RIVER (SOUTH CHANNEL),FLEUVE SAINT-LAURENT (CHENAL SUD),44.2077,-76.2368,WGS84,ONT.,ONT.,GREAT LAKES,GRANDS LACS,ATLANTIC OCEAN
ON02MC0032,"ST. LAWRENCE RIVER, WATER INTAKE OF CORNWALL'S WATER FILTRATION PLANT","FLEUVE SAINT-LAURENT, PRISE D'EAU DE L'USINE DE FILTRATION DE CORNWALL",45.0138,-74.7908,WGS84,ONT.,ONT.,ST. LAWRENCE,SAINT-LAURENT,ATLANTIC OCEAN
PE01CA0001,MILL RIVER AT WATER SURVEY OF CANADA (WSC) GAUGE IN BLOOMFIELD PARK,"RIVIÈRE MILL, À LA JAUGE DE LA DIVISION DES RELEVÉS HYDROLOGIQUES DU CANADA (DRHC), PARC PROVINCIAL DE BLOOMFIELD",46.7442,-64.1817,WGS84,P.E.I.,Î.-P.-É.,MARITIME COASTAL,CÔTE DES PROVINCES MARITIMES,ATLANTIC OCEAN
PE01CB0143,WILMOT RIVER NEAR KELVIN GROVE,RIVIÈRE WILMOT PRÈS DE KELVIN GROVE,46.3933,-63.6586,NAD83,P.E.I.,Î.-P.-É.,MARITIME COASTAL,CÔTE DES PROVINCES MARITIMES,ATLANTIC OCEAN
PE01CD0050,BEAR RIVER AT ST. MARGARETS,"RIVIÈRE BEAR, À ST. MARGARETS",46.4531,-62.3825,WGS84,P.E.I.,Î.-P.-É.,MARITIME COASTAL,CÔTE DES PROVINCES MARITIMES,ATLANTIC OCEAN
QU02101021,YAMACHICHE RIVER- OUTLET,RIVIÈRE YAMACHICHE - EMBOUCHURE,46.2661,-72.8065,NAD83,QUE.,QC,ST. LAWRENCE,SAINT-LAURENT,ATLANTIC OCEAN
QU02LB9001,"OTTAWA RIVER, DOWNSTREAM OF THE CARILLON DAM","RIVIÈRE DES OUTAOUAIS, EN AVAL DU BARRAGE DE CARILLON",45.5676,-74.3799,NAD83,QUE.,QC,OTTAWA,OTTAWA,ATLANTIC OCEAN
QU02NG3013,"SAINT-MAURICE RIVER, WATER INTAKE OF TROIS-RIVIÈRES 'S WATER FILTRATION PLANT","RIVIÈRE SAINT-MAURICE, PRISE D'EAU DE L'USINE DE FILTRATION DE TROIS-RIVIÈRES",46.382,-72.6105,NAD83,QUE.,QC,ST. LAWRENCE,SAINT-LAURENT,ATLANTIC OCEAN
QU02NG3020,"RIVIÈRE À LA PÊCHE, STATION CABIN RPA001 (LA MAURICIE NATIONAL PARK)","RIVIÈRE À LA PÊCHE, STATION RCBA RPA001 (PARC NATIONAL DE LA MAURICIE)",46.6776,-72.8652,NAD83,QUE.,QC,ST. LAWRENCE,SAINT-LAURENT,ATLANTIC OCEAN
QU02OA0125,CHÂTEAUGUAY RIVER'S MOUTH,"RIVIÈRE CHÂTEAUGUAY, EMBOUCHURE",45.3769,-73.7511,WGS84,QUE.,QC,ST. LAWRENCE,SAINT-LAURENT,ATLANTIC OCEAN
QU02OA0204,À L'ORME RIVER,RIVIÈRE À L'ORME,45.4444,-73.9159,NAD83,QUE.,QC,ST. LAWRENCE,SAINT-LAURENT,ATLANTIC OCEAN
QU02OA0205,MEADOWBROOK BROOK,RUISSEAU MEADOWBROOK,45.4251,-73.8703,NAD83,QUE.,QC,ST. LAWRENCE,SAINT-LAURENT,ATLANTIC OCEAN
QU02OA0206,ILES-DE-BOUCHERVILLE,ILES-DE-BOUCHERVILLE,45.5966,-73.4997,WGS84,QUE.,QC,ST. LAWRENCE,SAINT-LAURENT,ATLANTIC OCEAN
QU02OA0207,ILE SAINTE-THÉRÈSE,ILE SAINTE-THÉRÈSE,45.6745,-73.4592,WGS84,QUE.,QC,ST. LAWRENCE,SAINT-LAURENT,ATLANTIC OCEAN
QU02OA0440,STATION 120 M FROM SOUTH SHORE OF WOLFE ISLAND AT BANFORD POINT,STATION À 120 M DE LA RIVE SUD DE L'ÎLE WOLFE À BRANDFORD POINT,44.2063,-76.2379,NAD83,QUE.,QC,ST. LAWRENCE,SAINT-LAURENT,ATLANTIC OCEAN
QU02OB0066,"ST. LAWRENCE RIVER, ÎLE DE LA COMMUNE, CHENAL LA PASSE (BOUCHERVILLE ISLANDS)","FLEUVE SAINT-LAURENT, ÎLE DE LA COMMUNE, CHENAL LA PASSE (ÎLES DE BOUCHERVILLE)",45.6187,-73.4723,NAD83,QUE.,QC,ST. LAWRENCE,SAINT-LAURENT,ATLANTIC OCEAN
QU02OB0067,PARC LE ROCHER AT SAINT-AMABLE,PARC LE ROCHER À SAINT-AMABLE,45.6456,-73.3293,NAD83,QUE.,QC,ST. LAWRENCE,SAINT-LAURENT,ATLANTIC OCEAN
QU02OB0068,BOISÉ DU TREMBLAY AT LONGUEUIL - SITE 1,BOISÉ DU TREMBLAY À LONGUEUIL -SITE 1,45.534,-73.4257,NAD83,QUE.,QC,ST. LAWRENCE,SAINT-LAURENT,ATLANTIC OCEAN
QU02OB0069,BOISÉ DU TREMBLAY AT LONGUEUIL - SITE 2,BOISÉ DU TREMBLAY À LONGUEUIL -SITE 2,45.5371,-73.4243,NAD83,QUE.,QC,ST. LAWRENCE,SAINT-LAURENT,ATLANTIC OCEAN
QU02OB9004,"ST. LAWRENCE RIVER, WATER INTAKE OF LAVALTRIE'S WATER FILTRATION PLANT","FLEUVE SAINT-LAURENT, PRISE D'EAU DE L'USINE DE FILTRATION DE LAVALTRIE",45.8744,-73.2806,NAD83,QUE.,QC,ST. LAWRENCE,SAINT-LAURENT,ATLANTIC OCEAN
QU02OC3000,"LAKE SAINT-PIERRE OUTLET, NORTH SHORE","LAC SAINT-PIERRE, SORTIE RIVE NORD",46.2802,-72.6581,WGS84,QUE.,QC,ST. LAWRENCE,SAINT-LAURENT,ATLANTIC OCEAN
QU02OD3004,NICOLET RIVER IN NICOLET,RIVIÈRE NICOLET À NICOLET,46.2454,-72.6512,NAD83,QUE.,QC,ST. LAWRENCE,SAINT-LAURENT,ATLANTIC OCEAN
QU02OD9009,"ST. LAWRENCE RIVER, WATER INTAKE OF BÉCANCOUR'S WATER FILTRATION PLANT","FLEUVE SAINT-LAURENT, PRISE D'EAU DE L'USINE DE FILTRATION DE BÉCANCOUR",46.3116,-72.546,NAD83,QUE.,QC,ST. LAWRENCE,SAINT-LAURENT,ATLANTIC OCEAN
QU02OD9034,"ST. LAWRENCE RIVER  PORT ST-FRANÇOIS, 65 M FROM THE SOUTH SHORE","FLEUVE SAINT-LAURENT, PORT ST-FRANÇOIS, À 65 M DE LA RIVE SUD",46.2728,-72.62,NAD83,QUE.,QC,ST. LAWRENCE,SAINT-LAURENT,ATLANTIC OCEAN
QU02OD9039,"LAKE SAINT-PIERRE OUTLET, SOUTH SHORE","LAKE SAINT-PIERRE OUTLET, SOUTH SHORE",46.2717,-72.6193,WGS84,QUE.,QC,ST. LAWRENCE,SAINT-LAURENT,ATLANTIC OCEAN
QU02OE3002,MAGOG RIVER AT LAKE MEMPHRÉMAGOG OUTLET,RIVIÈRE MAGOG À LA SORTIE DU LAC MEMPHRÉMAGOG,45.2657,-72.1557,NAD83,QUE.,QC,ST. LAWRENCE,SAINT-LAURENT,ATLANTIC OCEAN
QU02OF3004,SAINT-FRANÇOIS RIVER IN PIERREVILLE,RIVIÈRE SAINT-FRANÇOIS À PIERREVILLE,46.0664,-72.8122,NAD83,QUE.,QC,ST. LAWRENCE,SAINT-LAURENT,ATLANTIC OCEAN
QU02OF3005,SAINT-FRANÇOIS RIVER'S MOUTH,RIVIÈRE SAINT-FRANÇOIS,46.066,-72.8093,WGS84,QUE.,QC,ST. LAWRENCE,SAINT-LAURENT,ATLANTIC OCEAN
QU02OG3007,"YAMASKA RIVER, BRIDGE ON THE ROAD 132","RIVIÈRE YAMASKA, PONT DE LA ROUTE 132",46.0051,-72.9101,NAD83,QUE.,QC,ST. LAWRENCE,SAINT-LAURENT,ATLANTIC OCEAN
QU02OG3008,"YAMASKA RIVER AT  ROAD 116 BRIDGE, SAINT-HYACINTHE",RIVIÈRE YAMASKA AU PONT ROUTE 116 À SAINT-HYACINTHE,45.6284,-72.9397,NAD83,QUE.,QC,ST. LAWRENCE,SAINT-LAURENT,ATLANTIC OCEAN
QU02OG3009,"NOIRE RIVER AT ROAD 235 BRIDGE, SAINT-PIE",RIVIÈRE NOIRE AU PONT ROUTE 235 À SAINT-PIE,45.4954,-72.9042,NAD83,QUE.,QC,ST. LAWRENCE,SAINT-LAURENT,ATLANTIC OCEAN
QU02OG3010,CHIBOUET RIVER AT  SAINT-HUGUES,RIVIÈRE CHIBOUET À L'ÉTANG DE SAINT-HUGUES,45.7908,-72.8258,NAD83,QUE.,QC,ST. LAWRENCE,SAINT-LAURENT,ATLANTIC OCEAN
QU02OJ0001,RICHELIEU RIVER NEAR THE TOWN OF LACOLLE,RIVIÈRE RICHELIEU À LA HAUTEUR DE LACOLLE,45.0614,-73.3325,NAD83,QUE.,QC,ST. LAWRENCE,SAINT-LAURENT,ATLANTIC OCEAN
QU02OJ0052,"RICHELIEU RIVER, WATER INTAKE OF SOREL 'S WATER FILTRATION PLANT","RIVIÈRE RICHELIEU, PRISE D'EAU DE L'USINE DE FILTRATION DE SOREL",46.034,-73.1176,NAD83,QUE.,QC,ST. LAWRENCE,SAINT-LAURENT,ATLANTIC OCEAN
QU02OJ0053,RUISSEAU FAIRBANKS AT NOTRE-DAME DU MONT CARMEL,RUISSEAU FAIRBANKS À NOTRE-DAME DU MONT CARMEL,45.0176,-73.3553,NAD83,QUE.,QC,ST. LAWRENCE,SAINT-LAURENT,ATLANTIC OCEAN
QU02OJ0054,JOHN SAURO POND AT VENISE EN QUÉBEC,ÉTANG JOHN SAURO (VENISE EN QUÉBEC),45.0745,-73.163,NAD83,QUE.,QC,ST. LAWRENCE,SAINT-LAURENT,ATLANTIC OCEAN
QU02OJ0055,L'ACADIE RIVER,RIVIÈRE L'ACADIE,45.3528,-73.3641,NAD83,QUE.,QC,ST. LAWRENCE,SAINT-LAURENT,ATLANTIC OCEAN
QU02OJ0059,ST. LAWRENCE RIVER NEAR CONTRECOEUR,FLEUVE SAINT-LAURENT À CONTRECOEUR,45.8522,-73.248,NAD83,QUE.,QC,ST. LAWRENCE,SAINT-LAURENT,ATLANTIC OCEAN
QU02PH9024,"ST. LAWRENCE RIVER, WATER INTAKE OF LÉVIS'S WATER FILTRATION PLANT",FLEUVE SAINT-LAURENT. PRISE D'EAU DE L'USINE DE FILTRATION DE LÉVIS,46.8071,-71.19,NAD83,QUE.,QC,ST. LAWRENCE,SAINT-LAURENT,ATLANTIC OCEAN
QU02PH9025,COMMISSAIRE BROOK,RUISSEAU DU COMMISSAIRE,46.8742,-71.2924,NAD83,QUE.,QC,ST. LAWRENCE,SAINT-LAURENT,ATLANTIC OCEAN
QU02PH9065,ILE D'ORLÉANS,ILE D'ORLÉANS,46.8403,-71.1326,WGS84,QUE.,QC,ST. LAWRENCE,SAINT-LAURENT,ATLANTIC OCEAN
QU02PK9000,"BECANCOUR, SOUTH SHORE","BÉCANCOUR, RIVE SUD",46.3835,-72.4092,WGS84,QUE.,QC,ST. LAWRENCE,SAINT-LAURENT,ATLANTIC OCEAN
QU03DC0001,LA GRANDE RESERVOIR,RÉSERVOIR LA GRANDE,53.7875,-77.4413,NAD83,QUE.,QC,NORTHERN QUEBEC,NORD DU QUÉBEC,HUDSON BAY
QU03ED9402,"GRANDE RIVIÈRE DE LA BALEINE, AT PK8 (8 KIM UPSTREAM OF KUUJJUARAPIK)","GRANDE RIVIÈRE DE LA BALEINE, AU PK8 (8 KM EN AMONT DE KUUJJUARAPIK)",55.2792,-77.6428,NAD83,QUE.,QC,NORTHERN QUEBEC,NORD DU QUÉBEC,HUDSON BAY
QU03KE0002,"KOKSOAK RIVER, 8 KM SOUTH-WEST OF KUUJJUAQ","RIVIÈRE KOKSOAK, À 8 KM AU SUD-OUEST DE KUUJJUAQ",58.0388,-68.4614,NAD83,QUE.,QC,NORTHERN QUEBEC,NORD DU QUÉBEC,HUDSON BAY
SA05FE0001,"BATTLE RIVER NEAR UNWIN, SASKATCHEWAN",RIVIÈRE BATTLE PRÈS DE UNWIN,52.9403,-109.8731,NAD27,SASK.,SASK.,NORTH SASKATCHEWAN,SASKATCHEWAN NORD,HUDSON BAY
SA05JM0014,QU'APPELLE RIVER APPROX. 3.2KM. SOUTH,RIVIÈRE QU'APPELLE ENVIRON 3.2KM AU SUD,50.4839,-101.5431,NAD27,SASK.,SASK.,ASSINIBOINE-RED,ASSINIBOINE-ROUGE,HUDSON BAY
SA05KH0002,"CARROT RIVER NEAR TURNBERRY,",RIVIÈRE CARROT PRÈS DE TURNBERRY,53.6,-102.1167,NAD27,SASK.,SASK.,LOWER SASKATCHEWAN - NELSON,BAS SASKATCHEWAN-NELSON,HUDSON BAY
SA05LC0001,"RED DEER RIVER AT ERWOOD,",RIVIÈRE RED DEER À ERWOOD,52.8667,-102.1831,NAD27,SASK.,SASK.,LOWER SASKATCHEWAN - NELSON,BAS SASKATCHEWAN-NELSON,HUDSON BAY
SA05MD0002,ASSINIBOINE RIVER AT HWY 8 BRIDGE,RIVIÈRE ASSINIBOINE À L'AUT. 8,51.5331,-101.8889,NAD27,SASK.,SASK.,ASSINIBOINE-RED,ASSINIBOINE-ROUGE,HUDSON BAY
SA06AF0001,COLD RIVER AT OUTLET OF COLD LAKE,RIVIÈRE COLD À LA SORTIE DU LAC COLD,54.5667,-109.8361,NAD83,SASK.,SASK.,CHURCHILL,CHURCHILL,HUDSON BAY
SA06EA0003,CHURCHILL RIVER BELOW WASAWAKASIK,RIVIÈRE CHURCHILL EN AVAL DE WASAWAKASIK,55.6081,-102.1956,NAD27,SASK.,SASK.,CHURCHILL,CHURCHILL,HUDSON BAY
US05ND0004,SOURIS RIVER NEAR SHERWOOD N.D.,RIVIÈRE SOURIS PRÈS DE SHERWOOD DANS LE DAKOTA DU NORD,48.99,-101.9578,NAD83,SASK.,SASK.,ASSINIBOINE-RED,ASSINIBOINE-ROUGE,HUDSON BAY
US05NF0001,SOURIS RIVER NEAR WESTHOPE,RIVIÈRE SOURIS PRÈS DE WESTHOPE,48.9997,-100.9,NAD83,MAN.,MAN.,ASSINIBOINE-RED,ASSINIBOINE-ROUGE,HUDSON BAY
YT08AA0010,DEZADEASH RIVER AT HAINES JUNCTION,RIVIÈRE DEZADEASH À HAINES JUNCTION,60.74788,-137.50637,NAD83,Y.T.,YN,PACIFIC COASTAL,CÔTE DU PACIFIQUE,PACIFIC OCEAN
YT08AB0009,ALSEK RIVER ABOVE BATES RIVER IN KLUANE NATIONAL PARK,RIVIÈRE ALSEK EN AMONT DE LA RIVIÈRE BATES,60.1175,-137.9776,NAD83,Y.T.,YN,PACIFIC COASTAL,CÔTE DU PACIFIQUE,PACIFIC OCEAN
YT09AB0006,YUKON RIVER BELOW MARSH LAKE,FLEUVE YUKON AU BARRAGE NCPC DU LAC MARSH,60.57874,-134.68671,NAD83,Y.T.,YN,YUKON,YUKON,PACIFIC OCEAN
YT09AB0008,YUKON RIVER ABOVE TAKHINI RIVER,FLEUVE YUKON EN AMONT DE LA RIVIÈRE TAKHINI,60.83909,-135.18103,NAD83,Y.T.,YN,YUKON,YUKON,PACIFIC OCEAN
YT09BC0021,ROSE CREEK ABOVE ANVIL CREEK,CRIQUE ROSE EN AMONT DE LA CRIQUE ANVIL,62.3751,-133.5437,NAD83,Y.T.,YN,YUKON,YUKON,PACIFIC OCEAN
YT09DD0008,SOUTH MCQUESTEN RIVER BELOW FLAT CREEK,RIVIÈRE SOUTH MCQUESTEN EN AVAL DE LA CRIQUE FLAT,63.9141,-135.7231,NAD83,Y.T.,YN,YUKON,YUKON,PACIFIC OCEAN
YT09DD0014,HAGGART CREEK ABOVE SOUTH MCQUESTEN RIVER,RUISSEAU HAGGART AU-DESSUS DE LA RIVIÈRE SOUTH MCQUESTEN,63.93388,-136.03763,NAD83,Y.T.,YN,YUKON,YUKON,PACIFIC OCEAN
YT09EA0001,"KLONDIKE RIVER ABOVE BONANZA CREEK, NEAR DAWSON",RIVIÈRE KLONDIKE EN AMONT DE LA CRIQUE BONANZA,64.0426,-139.41,NAD83,Y.T.,YN,YUKON,YUKON,PACIFIC OCEAN
YT09EB0005,INDIAN RIVER ABOVE THE MOUTH,RIVIÈRE INDIAN AU-DESSUS DE L'EMBOUCHURE,63.77,-139.62958,NAD83,Y.T.,YN,YUKON,YUKON,PACIFIC OCEAN
YT09FB0002,"EAGLE RIVER AT DEMPSTER HIGHWAY, NEAR EAGLE PLAINS",RIVIÈRE EAGLE AU PONT DE L'AUTOROUTE DEMPSTER,66.44323,-136.71031,NAD83,Y.T.,YN,YUKON,YUKON,PACIFIC OCEAN
YT09FB0003,PORCUPINE RIVER ABOVE OLD CROW RIVER,RIVIÈRE PORCUPINE EN AMONT DE LA RIVIÈRE OLD CROW,67.5797,-139.7819,NAD83,Y.T.,YN,YUKON,YUKON,PACIFIC OCEAN
YT09FC0002,OLD CROW RIVER AT MOUTH,RIVIÈRE OLD CROW À L'EMBOUCHURE,67.58065,-139.80127,NAD83,Y.T.,YN,YUKON,YUKON,PACIFIC OCEAN
YT10AA0001,LIARD RIVER AT UPPER CROSSING,RIVIÈRE LIARD À UPPER CROSSING,60.0507,-128.90434,NAD83,Y.T.,YN,LOWER MACKENZIE,BAS MACKENZIE,ARCTIC OCEAN
YT10MA0011,OGILVIE RIVER ABOVE ENGINEER CREEK,"RIVIÈRE OGILVIE À 0,5 KM EN AMONT DE LA CRIQUE ENGINEER ",65.3581,-138.30556,NAD83,Y.T.,YN,LOWER MACKENZIE,BAS MACKENZIE,ARCTIC OCEAN
YT10MD0001,FIRTH RIVER NEAR THE MOUTH,RIVIÈRE FIRTH PRÈS DE L'EMBOUCHURE,69.5333,-139.95,NAD83,Y.T.,YN,LOWER MACKENZIE,BAS MACKENZIE,ARCTIC OCEAN
